busId,stops
00840,"[3119, 3120, 3122, 3123, 3124, 3125, 3126, 3127, 3128, 7638, 3130, 3131, 3132, 3133, 5046, 3134, 3136, 3138, 3139, 4124, 4125, 4126, 4127, 4128, 4129, 4130, 4131, 7294, 4156, 4168, 4170, 4132, 4134, 4135, 4136, 4207, 4208, 4209, 4210, 4211, 4212, 4213, 5139, 4214, 4215, 4216, 4217, 4218, 4219, 4220, 4221, 4222, 4224, 4225, 4226, 4227, 4228, 4229, 4230, 4231, 7352, 4246, 4248, 4249, 4251, 4252, 4253, 4254, 6137, 4256, 4257, 4258, 4259, 4956, 7188, 3082, 7660, 3114, 3116, 3117, 3118, 3135, 4250, 3115, 7639, 4305, 4306, 4309, 7272]"
07470,"[4319, 7610, 1476, 7453, 2001, 2002, 1359, 7606, 4724, 4726, 4508, 7402, 7490, 4717, 7489, 2499, 7216, 2501, 7623, 7406, 7409, 7410, 7411, 7401, 3665]"
07571,"[3665, 7400, 3669, 7408, 7407, 7404, 7611, 7398, 7397, 6252, 301, 4494, 2809, 7612, 2811, 842, 1014, 1015, 1074, 7405, 4495]"
00331,"[6048, 5064, 7173, 3811, 3812, 3664, 3813, 3814, 7592, 3816, 3566, 3567, 7292, 3819, 3820, 3822, 3823, 3824, 3565, 3825, 3826, 3827, 3828, 3829, 3831, 3832, 3835, 3836, 3837, 3838, 3840, 3842, 3843, 3845, 3846, 3848, 3850, 3852, 3853, 3854, 3855, 3856, 3857, 3858, 3859, 3860, 3862, 3863, 3748, 6050, 3749, 3752, 3751, 3689, 7594, 3691, 3692, 3694, 3695, 3696, 3697, 3698, 3699, 3885, 1631, 5053, 1633, 1636, 1637, 1639, 1640, 231, 1641, 1642, 213, 214, 4432, 119, 44, 7603, 45, 46, 47, 48, 49, 51, 277, 292, 3818, 3834, 3844, 1632, 1638, 52, 3833, 3849, 3851, 3861, 3750, 1634, 1635, 3815]"
077A1,"[4713, 4714, 4960, 4932, 4933, 2590, 2591, 2592, 2357, 2566, 2568, 2569, 7550, 2570, 2571, 2359, 2360, 4348, 4646, 4647, 2346, 4435, 2604, 2605, 2538, 2606, 2607, 2608, 2609, 2610, 2554, 2425, 2426, 2427, 2428, 2429, 2430, 2371, 2372, 2373, 2377, 2378, 2183, 2185, 7043, 1424, 2186, 2187, 2188, 2189, 1436, 2190, 4434, 2379, 2380, 2382, 5099, 2383, 2002, 1358, 340, 350, 351, 352, 353, 354, 2184, 3952]"
07570,"[1074, 6074, 748, 2905, 494, 495, 7588, 4717, 2499, 7216, 2501, 7623, 7406, 7409, 7410, 7401, 3665]"
00410,"[288, 1171, 1173, 1174, 1175, 15, 17, 18, 21, 7602, 85, 203, 204, 205, 1620, 220, 1622, 1623, 1624, 1625, 1626, 1627, 1628, 1629, 1630, 7348, 1172, 3669, 3671, 3674, 3675, 3676, 5073, 5074, 6054, 4330, 3679, 5075, 5076, 19, 3682, 3864, 3865, 4910, 4911, 4913, 4914, 4915, 4957, 4912, 3672]"
046A0,"[807, 808, 809, 810, 811, 812, 813, 814, 81, 817, 818, 819, 264, 6059, 334, 406, 747, 842, 845, 846, 847, 848, 2795, 756, 757, 758, 759, 760, 761, 763, 2007, 2008, 2009, 2010, 435, 7353, 4571, 2013, 2014, 4636, 762, 2016, 2015, 2018, 2019, 2020, 2021, 2022, 4565, 4566, 4567, 2031, 2032, 2017, 2034, 2035, 2036, 2039, 2033]"
00841,"[4260, 7271, 4262, 4263, 4264, 7296, 4265, 4266, 4307, 4271, 4273, 4274, 4275, 4277, 4278, 4279, 4280, 4281, 4282, 4283, 4284, 4285, 4286, 4287, 4288, 4295, 4296, 4297, 4299, 4300, 4301, 4302, 5135, 4303, 4304, 4148, 4149, 3045, 4150, 4151, 4156, 4168, 4170, 4153, 4154, 4416, 4201, 4202, 4203, 4204, 4206, 3140, 3141, 3142, 3143, 3144, 5136, 5047, 3146, 3147, 4268, 3148, 4270, 3149, 3150, 3151, 3153, 4276, 3152, 2995, 3154, 3155, 3156, 3158, 3159, 3161, 3162, 3163, 3164, 3079, 3080, 3081, 7188, 3160, 7653, 4261, 4267, 4269, 4205, 4678]"
00271,"[2353, 4643, 4644, 4645, 4440, 2628, 2629, 6095, 7062, 6075, 2631, 2359, 2360, 4348, 4646, 4647, 2346, 4435, 2632, 2633, 2369, 2370, 2371, 2372, 2373, 2377, 2378, 2183, 2185, 7043, 1424, 2186, 2187, 2188, 2189, 1436, 3952, 2190, 4434, 2379, 2380, 2382, 5099, 2383, 2002, 1358, 298, 496, 497, 515, 516, 4384, 2184, 519, 521, 522, 7659, 523, 669, 671, 672, 1196, 1197, 1198, 1199, 4385, 4695, 1243, 4696, 4697, 1250, 4698, 4383, 4699, 4388, 4700, 1266, 1267, 1268, 1269, 1265, 6115, 4593, 670, 4595, 7490, 4382, 1200, 1201, 4849]"
00270,"[4595, 4596, 1218, 1258, 1259, 1260, 6130, 1262, 4692, 1245, 4693, 1254, 1255, 1256, 4694, 4563, 1249, 1247, 1248, 1273, 1274, 1275, 1277, 1219, 1220, 1221, 664, 665, 666, 667, 668, 614, 1276, 615, 616, 617, 618, 619, 675, 1500, 302, 4494, 4522, 1934, 2310, 2311, 2312, 2313, 2314, 2315, 2094, 1406, 1407, 1409, 2095, 2096, 2097, 2099, 2101, 2102, 2103, 2332, 2333, 2334, 4662, 2335, 2336, 2337, 2339, 2340, 2601, 4446, 2603, 2557, 4436, 5008, 4640, 4347, 2349, 2351, 2621, 2622, 2623, 2624, 4441, 2626, 2669, 4641, 4642, 2355, 4495]"
039A1,"[7048, 7159, 7388, 7017, 7018, 7030, 7021, 6111, 6112, 6113, 1898, 1858, 1859, 1860, 4492, 1861, 1862, 1863, 1864, 1865, 1866, 1850, 1867, 4489, 4747, 1845, 7158, 1847, 1696, 1698, 1700, 1701, 1702, 1703, 1905, 1906, 1907, 1909, 7166, 1697, 7453, 1908, 1713, 1714, 1715, 1478, 1479, 315, 313, 335, 349, 404, 747, 748, 749, 750, 751, 752, 753, 1699, 754, 755, 756, 757, 758, 759, 761, 762, 760, 763, 767]"
007D1,"[3059, 3061, 3062, 3063, 3064, 3065, 3066, 3067, 3202, 3203, 3204, 4568, 4569, 2023, 2024, 2025, 6086, 7419, 7420, 3345, 4727, 4728, 461, 2068, 2069, 2070, 2084, 768, 769, 770, 771, 772, 773, 774, 775, 776, 777, 906, 907, 908, 909, 786, 792, 7586, 7587, 345, 320, 281, 4, 7555, 3057, 7658, 4529, 4962]"
07471,"[3665, 7400, 3669, 7408, 7407, 7405, 7399, 7611, 7398, 7397, 5140, 620, 1172, 286, 271, 4521, 1935, 1937, 1445, 7609, 4319, 1644]"
00441,"[4096, 4114, 4115, 4116, 4117, 4118, 4119, 4120, 4121, 4122, 4123, 3283, 3284, 3310, 3481, 3483, 3484, 3485, 3486, 3487, 3488, 3489, 3492, 2835, 7176, 2836, 2837, 2838, 2839, 2840, 2841, 2865, 2866, 2892, 2893, 2894, 2895, 2896, 2897, 2898, 3562, 2899, 884, 885, 886, 887, 3482, 2900, 2901, 2902, 2903, 1074, 6074, 5034, 495, 400, 319, 278, 7615, 10, 12, 14, 15, 17, 18, 19, 21, 7602, 85, 203, 204, 205, 206, 207, 208, 209, 210, 1643, 7571, 793, 4529]"
00671,"[7074, 3919, 3920, 3921, 3922, 3923, 3112, 3924, 3927, 3928, 3929, 7108, 3935, 3936, 7110, 3939, 3940, 3373, 3374, 2233, 2232, 2234, 2235, 2236, 2237, 2238, 5056, 2239, 2241, 2242, 2243, 2244, 2245, 2246, 2247, 2249, 2250, 1472, 4408, 1474, 1476, 7453, 1478, 1479, 315, 347, 406, 2810, 3938, 7385, 3941, 3943, 3944, 3945, 3946, 4001, 3949, 3950, 3372, 3917, 3918, 3926, 2248, 2251, 1473]"
00650,"[4521, 1283, 4456, 1284, 1285, 1016, 1017, 1018, 1019, 1076, 1077, 1079, 1080, 1081, 1085, 1121, 1122, 1124, 1125, 1127, 1130, 2550, 2551, 2553, 2554, 2555, 2556, 2557, 4436, 5008, 4640, 4347, 2349, 2351, 4445, 2352, 2573, 2576, 2577, 2579, 7395, 6124, 4004, 4005, 4007, 4008, 4010, 4009, 4011, 5110, 4012, 4013, 4014, 4015, 4017, 4018, 4019, 4020, 4100, 4023, 4027, 7250, 7252, 7248, 7254, 7257, 7258, 7260, 7263, 7264, 7268, 7270, 7564, 1020, 1082, 1083, 1123, 4022, 4024, 1078, 2574, 4006, 4098, 4021, 2578]"
00130,"[327, 6016, 6017, 7192, 4683, 107, 6125, 7092, 110, 112, 113, 114, 115, 37, 38, 39, 116, 117, 118, 119, 44, 45, 46, 47, 48, 49, 51, 52, 261, 270, 335, 4521, 1935, 1937, 1938, 1939, 1940, 1941, 1942, 1943, 1944, 1945, 1946, 1947, 1948, 1949, 1950, 1951, 1953, 1954, 1955, 1956, 1957, 1958, 1959, 1960, 4379, 1963, 4549, 1964, 4674, 4663, 4664, 2160, 2161, 4665, 4666, 4668, 4677, 2136, 2138, 2139, 2140, 2141, 2143, 2145, 4670, 2165, 4545, 4552, 4554, 7229, 6235, 7603, 1952, 4667, 2137, 7201, 2142, 2166, 324]"
025A1,"[4620, 7563, 3368, 4626, 4627, 4624, 4625, 4628, 4623, 4619, 4561, 4629, 4630, 4631, 4632, 5164, 4633, 2234, 2235, 2236, 2238, 5056, 2239, 2241, 2242, 7626, 7435, 2722, 4413, 1476, 7453, 1478, 1479, 315, 347, 406, 4530, 748, 7390, 2237]"
00391,"[7048, 7159, 7388, 7017, 7018, 7030, 7021, 7163, 1893, 1894, 1895, 1896, 1897, 1898, 1858, 1859, 1860, 4492, 1861, 1862, 1863, 1864, 1865, 1866, 1850, 1867, 4489, 4747, 1882, 7379, 4903, 1883, 1884, 1902, 1903, 1904, 1840, 1841, 1842, 7374, 1845, 7166, 1847, 1696, 1697, 1698, 1699, 6088, 1701, 1702, 1703, 1905, 1906, 1907, 1908, 1909, 1713, 1714, 1715, 7453, 1478, 1479, 315, 313, 335, 349, 404, 7158, 747, 748, 749, 750, 751, 752, 753, 7370, 7339, 1912, 1700]"
00750,"[4342, 4348, 4646, 4647, 4435, 2605, 2538, 2539, 2540, 2542, 6128, 2545, 2547, 2548, 946, 1131, 1132, 1133, 1134, 5131, 5132, 1305, 1306, 1307, 1308, 1309, 4332, 4333, 4334, 4712, 2853, 2854, 2855, 2856, 2857, 2858, 2859, 2860, 2861, 2862, 2864, 4486, 4586, 2872, 2873, 2874, 2877, 2879, 4779, 7057, 4847, 4848, 449, 450, 3181, 447, 5045, 4460, 453, 4477, 3321, 4571, 2013, 2014, 4636, 2016, 2015, 2017, 2018, 2019, 2020, 2021, 2022, 4565, 4566, 4567, 2031, 2032, 2033, 2034, 7394, 2878, 2035, 2036, 2038, 2863, 2544]"
01451,"[4844, 4177, 4178, 4179, 2993, 2994, 4180, 4181, 4182, 4151, 2997, 4153, 4154, 4416, 4201, 4202, 4203, 5090, 4205, 4206, 3140, 3141, 3142, 3143, 3144, 3145, 3146, 3148, 5127, 5128, 2996, 3258, 2060, 2061, 2062, 2063, 2064, 2065, 4727, 4728, 461, 2068, 2069, 2070, 2084, 768, 770, 771, 772, 773, 774, 775, 776, 777, 906, 908, 909, 786, 792, 7586, 7587, 345, 325, 1443, 1444, 1445, 4407, 4320, 4533, 3147, 769, 907, 4529, 4204]"
084A1,"[4168, 4170, 4153, 4154, 4416, 4201, 4202, 4203, 4204, 4205, 4206, 3140, 3141, 3142, 3143, 3144, 5047, 3146, 3147, 3148, 3149, 3150, 3151, 3153, 3152, 2995, 3155, 3156, 3158, 3160, 3161, 3162, 3163, 3164, 7653, 3079, 3080, 3082, 3084, 470, 473, 472, 4705, 475, 476, 477, 478, 3154, 3159, 469, 471]"
00330,"[292, 1171, 1172, 1173, 1174, 1175, 15, 17, 18, 21, 7602, 85, 203, 204, 205, 1620, 220, 1622, 1623, 1624, 1625, 1626, 1627, 1628, 1630, 3670, 3671, 3672, 3674, 3675, 3676, 3677, 3678, 3679, 3711, 3712, 3713, 3714, 3719, 3718, 3720, 3721, 3722, 5069, 3723, 3724, 3738, 7170, 3740, 3741, 5165, 7169, 3744, 3755, 3756, 3757, 3758, 3759, 3760, 3761, 3762, 3764, 3765, 3766, 3767, 3770, 3769, 3771, 5176, 3774, 7172, 3775, 3777, 3778, 3781, 3782, 3783, 3784, 3785, 3786, 3787, 3788, 3789, 3790, 3791, 3793, 3794, 3795, 3797, 3798, 6076, 6077, 3571, 3801, 3802, 3763, 3772, 3569, 19, 3768, 3773]"
00400,"[7132, 1558, 2957, 2958, 4938, 1549, 1523, 1524, 1525, 1526, 6080, 1585, 1586, 1587, 4539, 1606, 1607, 1608, 1609, 1610, 7471, 1533, 1534, 1535, 1536, 1537, 186, 838, 839, 840, 841, 49, 51, 52, 261, 270, 335, 4521, 1935, 1937, 1938, 1939, 1940, 1941, 1942, 1943, 1944, 1945, 1946, 1947, 2642, 2643, 2644, 2709, 2710, 2711, 2712, 2655, 2656, 2668, 2672, 2673, 2206, 4798, 2674, 2675, 2124, 2126, 2127, 2128, 2129, 4797, 7473, 2681, 4691, 2682, 4796, 4690, 4411, 4715, 2125]"
00070,"[4962, 4725, 273, 405, 408, 409, 410, 411, 412, 413, 414, 415, 416, 417, 420, 421, 422, 424, 425, 427, 428, 429, 3032, 3033, 3034, 3036, 3038, 3039, 3040, 3041, 3042, 2035, 2036, 2040, 3047, 3202, 7641, 7642, 7643, 3214, 3215, 3216, 3217, 3218, 3219, 3220, 4982, 5046, 418, 419, 423, 426, 3037, 7639, 3203, 3204]"
025B1,"[6290, 7120, 7119, 7127, 7143, 3368, 7137, 7139, 4623, 4619, 4561, 4629, 4630, 4631, 4632, 5164, 4633, 2234, 2235, 2236, 2237, 5056, 2239, 2241, 2242, 7626, 7435, 2722, 4413, 1476, 7453, 1478, 1479, 315, 347, 406, 4530, 748, 7390, 2238]"
00491,"[2353, 4643, 7121, 7183, 4880, 2539, 2540, 2542, 3004, 4756, 3005, 4757, 4758, 6343, 4759, 4760, 2547, 2548, 946, 1155, 1157, 1158, 1159, 1160, 1161, 1337, 1338, 1339, 1340, 1341, 1342, 1343, 1344, 1345, 1347, 2635, 2636, 5097, 2383, 2002, 1358, 5192, 342, 2357, 2359, 7122, 1162, 1163, 2634]"
01021,"[7348, 3669, 3671, 3078, 3090, 3706, 3707, 3708, 3709, 3710, 4926, 3678, 6117, 1041, 1050, 3656, 3653, 6055, 1073, 3641, 3642, 3643, 3583, 3585, 3586, 3587, 3588, 3589, 3591, 3592, 3605, 3607, 3608, 3609, 3598, 4465, 944, 945, 947, 948, 949, 928, 951, 952, 953, 4381, 3089, 3672, 3584, 3590, 3606, 4925, 6033, 3087]"
00830,"[7500, 1555, 1557, 1181, 7350, 6230, 6228, 4788, 6273, 4891, 7458, 7425, 7423, 1566, 1567, 4372, 179, 7431, 175, 176, 181, 182, 183, 184, 185, 186, 1556, 187, 188, 189, 190, 1614, 1615, 1478, 1479, 315, 336, 7424, 1279, 1283, 4456, 1284, 1285, 1016, 1017, 1018, 1019, 1020, 1076, 1077, 2479, 2480, 2481, 2482, 2485, 2486, 2487, 2488, 2448, 5026, 2450, 2490, 2491, 2492, 2483, 2484, 2489, 324]"
038B1,"[4745, 4989, 4990, 4991, 4992, 1719, 1828, 1829, 4997, 4998, 4999, 1833, 1834, 1835, 1836, 1837, 2338, 1845, 7166, 1847, 1696, 1697, 1698, 1699, 1700, 1701, 1702, 1703, 1905, 1804, 1803, 77, 78, 79, 80, 82, 817, 818, 819, 265, 6059, 349, 404, 747, 748, 750, 751, 752, 7370, 7339, 749, 753]"
00040,"[327, 7113, 127, 112, 113, 114, 115, 37, 38, 39, 40, 146, 184, 185, 186, 187, 188, 189, 190, 191, 819, 7457, 4725, 273, 405, 408, 409, 410, 411, 147, 412, 413, 414, 415, 416, 417, 418, 419, 420, 421, 422, 424, 425, 426, 427, 428, 429, 6334, 7660, 3114, 3115, 3116, 6085, 2026, 7226, 423, 324]"
00751,"[2038, 2040, 2041, 2042, 2043, 2044, 2045, 2046, 4568, 4569, 7658, 4570, 2056, 2057, 2058, 2059, 2060, 2061, 2062, 2063, 2064, 2065, 4637, 3322, 3563, 444, 445, 4779, 7057, 4847, 4848, 450, 3181, 447, 5045, 7393, 2880, 2882, 2883, 2885, 2886, 4587, 2842, 2843, 2844, 2845, 2846, 2847, 2848, 2849, 2850, 2851, 2852, 4707, 4708, 4336, 4337, 1317, 1318, 1319, 1329, 1330, 5129, 5130, 1138, 1139, 1140, 2515, 2516, 2517, 2518, 2520, 2521, 2522, 2524, 2523, 2532, 2533, 2534, 2535, 2536, 2616, 2617, 2557, 4436, 5008, 4640, 4347, 7181, 2039, 2887, 4397, 1281, 449]"
00371,"[4747, 1882, 7379, 7219, 7218, 7031, 4898, 4574, 4575, 1680, 1681, 1682, 1683, 1684, 1685, 1686, 1687, 1688, 1689, 1690, 1692, 1693, 1695, 4903, 1696, 1697, 1698, 1699, 1700, 1701, 1702, 1703, 4897, 1707, 1708, 1709, 1528, 1710, 1711, 1712, 1713, 1714, 1715, 7453, 1478, 1479, 315, 1691, 1694, 313, 349, 1706, 404, 747, 843, 845, 846, 7340, 1704, 1705]"
00411,"[4843, 4905, 4906, 4907, 4908, 4909, 3884, 3686, 5077, 3689, 7594, 6117, 5079, 3694, 3695, 3696, 3698, 3885, 3663, 7655, 7347, 3669, 7349, 1631, 1633, 3690, 1634, 1636, 1637, 1638, 1639, 1640, 3697, 231, 3699, 1641, 1642, 213, 214, 4432, 119, 44, 7603, 45, 46, 47, 48, 49, 51, 52, 277, 5053, 288, 1635, 1632, 5078]"
077A0,"[395, 396, 397, 399, 4522, 398, 400, 1934, 2310, 2311, 2312, 2313, 2315, 2094, 1407, 1409, 2095, 2096, 2097, 2099, 2101, 2102, 2103, 2332, 2314, 2334, 4662, 1406, 2335, 2336, 2337, 2339, 2420, 2421, 2423, 2424, 2447, 5133, 2596, 2333, 2611, 2602, 2613, 2614, 2615, 2535, 2616, 2617, 2557, 4436, 5008, 4640, 4347, 2536, 2349, 2351, 2558, 2559, 2560, 2561, 2562, 2564, 4927, 4928, 2352, 2573, 2574, 2575, 4929, 4930, 4931, 7459, 7460]"
01511,"[4606, 7142, 7015, 4617, 4555, 4576, 3418, 3419, 4762, 4763, 6245, 2156, 6014, 6242, 6152, 6153, 6243, 6154, 6155, 6141, 6142, 2181, 2182, 2778, 2185, 7043, 1424, 2186, 2187, 2188, 2189, 1436, 3952, 2190, 4434, 2379, 2380, 2382, 5099, 2383, 1479, 7622, 297, 407, 2498, 2499, 2500, 2501, 7623, 2508, 2278]"
00401,"[4688, 4689, 4410, 2678, 2679, 2680, 2676, 2118, 2119, 2120, 2121, 2123, 2685, 2686, 4799, 2205, 2687, 2688, 2689, 2696, 2697, 2713, 2714, 2715, 4795, 2716, 2718, 7510, 2719, 1989, 1990, 1992, 1993, 1994, 1995, 1996, 1997, 1998, 1999, 2001, 2002, 1358, 319, 279, 7, 11, 14, 15, 834, 835, 836, 837, 1506, 1507, 1508, 1509, 1510, 1592, 1593, 1594, 1595, 1596, 4363, 1598, 1599, 1573, 1574, 1575, 4583, 1518, 1519, 1520, 1521, 4546, 1559, 987, 4937, 1511, 1547, 1548, 1280, 6348, 1597, 7661]"
00701,"[3333, 3334, 3352, 3335, 3336, 3337, 3338, 3339, 3340, 4324, 4769, 4770, 4765, 4766, 4767, 4768, 1845, 7166, 1847, 1696, 1697, 1698, 1699, 1700, 1701, 1702, 1703, 1905, 1906, 1907, 1908, 1909, 1713, 1714, 1715, 7453, 1478, 1479, 315, 313, 349, 404, 747, 748, 749, 750, 751, 752, 753, 7339, 7370]"
00790,"[326, 1443, 1444, 1445, 4407, 2637, 2638, 2640, 2641, 2643, 2644, 2645, 2646, 2647, 2648, 2649, 2650, 2652, 2655, 2656, 2657, 2659, 2660, 2661, 2662, 2909, 2906, 2908, 2654, 2658, 2907, 2653]"
027A1,"[1792, 962, 635, 637, 639, 641, 642, 643, 1796, 1798, 1277, 1219, 1221, 1220, 664, 665, 667, 668, 614, 615, 616, 618, 619, 675, 620, 1791, 7568, 1793, 636, 640, 645, 1797, 1799, 1800, 1801, 666, 638, 644, 617]"
065B0,"[4521, 1283, 4456, 1285, 1016, 1017, 1018, 1020, 1076, 1077, 1078, 1079, 1080, 1081, 1082, 1083, 1122, 1123, 1124, 1125, 1127, 1130, 2550, 2516, 2518, 4749, 4871, 4872, 2532, 4877, 4878, 7180, 2559, 2561, 2562, 4927, 2352, 2573, 2575, 1284, 1019, 7564, 1121, 3006, 4874, 1085, 4750, 4929, 4930, 4931, 4873, 7331, 2560, 2564, 2574, 7460, 7459, 2517, 4928]"
01450,"[4320, 1476, 7453, 1478, 1479, 7622, 334, 406, 747, 842, 846, 847, 848, 2795, 756, 757, 758, 759, 760, 762, 763, 2007, 2008, 2009, 2010, 435, 7353, 4571, 2013, 2014, 4636, 2016, 2015, 2017, 3259, 7361, 7362, 845, 3129, 7638, 3130, 3131, 3132, 3133, 3134, 3135, 3136, 3138, 761, 3139, 4124, 4125, 4126, 4127, 4128, 4129, 4130, 4131, 7294, 4132, 4171, 4172, 4173, 2962, 2963, 2964, 4175, 5091, 5092, 7574]"
066B0,"[7391, 493, 494, 495, 400, 346, 317, 312, 1444, 1445, 7078, 1449, 1451, 2191, 2192, 2193, 2194, 2195, 2196, 2197, 2198, 2200, 2201, 7239, 4401, 2213, 2214, 2215, 2216, 4599, 2217, 2218, 2219, 3366, 3367, 3886, 3887, 3888, 7186, 3954, 3955, 3957, 3958, 3959, 7234, 4002, 5112, 4003, 3365, 3956, 1450, 7187]"
007A0,"[4962, 4725, 273, 405, 408, 409, 410, 411, 412, 414, 415, 416, 417, 418, 420, 421, 422, 424, 425, 426, 427, 428, 429, 3032, 3033, 3034, 3036, 3037, 3038, 3040, 3041, 2035, 2036, 2040, 3047, 3204, 3205, 3206, 3207, 3208, 3209, 3210, 4981, 3211, 3212, 3213, 3214, 3215, 3216, 3217, 3218, 3219, 3220, 3221, 4982, 413, 3039, 3203, 423, 3202, 419]"
038B0,"[7333, 783, 785, 786, 793, 7576, 7586, 7587, 274, 2, 192, 795, 796, 57, 58, 59, 60, 1802, 1795, 1806, 784, 1660, 1661, 1662, 1664, 1665, 1666, 1807, 7167, 1808, 1816, 6171, 4974, 4976, 7126, 7124, 7343, 7318, 4980, 2289, 1822, 4994, 4995, 4996, 1826, 1827, 7382, 7588, 7381, 4742, 4743, 4745, 401]"
01301,"[1772, 1773, 1774, 1775, 1776, 1777, 1778, 1755, 1756, 1757, 1794, 7469, 1724, 1725, 1726, 1727, 1728, 1729, 1730, 1731, 1732, 1733, 1734, 1735, 1736, 1737, 1738, 1739, 614, 615, 616, 617, 618, 619, 675, 620, 621, 293]"
00151,"[6282, 6335, 6326, 4886, 4887, 1150, 1151, 1152, 1153, 1154, 946, 1155, 1157, 1158, 1159, 1160, 1161, 1162, 1163, 1164, 1165, 1166, 1167, 1168, 1169, 1170, 1069, 1070, 1071, 4528, 1072, 7577, 1353, 1354, 7589, 7578, 7582, 299, 7490, 497, 515, 516, 4384, 519, 521, 522, 7659, 523, 669, 670, 671, 672, 4382, 1196, 1197, 1198, 1199, 4385, 1201, 1202, 1203, 6115, 4593, 6079, 7516, 6315, 6316, 7245, 6317, 7236, 1200]"
00150,"[6318, 6319, 7246, 6320, 4594, 4595, 4596, 4563, 1218, 1270, 1272, 1273, 1274, 1275, 1277, 1220, 1221, 664, 665, 666, 667, 668, 614, 1219, 615, 616, 617, 618, 619, 675, 4415, 301, 4494, 1276, 5190, 7581, 1283, 7579, 1285, 1016, 1017, 1020, 1076, 1077, 1078, 1079, 1080, 1081, 1082, 1083, 1085, 1121, 1122, 1123, 1124, 1125, 1127, 1130, 1140, 1141, 1142, 1143, 1145, 4869, 4870, 6283, 6282, 1018, 3007, 1019, 1144, 4495]"
00131,"[4617, 4576, 3418, 3419, 2374, 2146, 2147, 2148, 2149, 2150, 2151, 2152, 2153, 2154, 6245, 4671, 4672, 3465, 4673, 2172, 2159, 4409, 4555, 4550, 4551, 1965, 1966, 1975, 1977, 1978, 1980, 1981, 1982, 4406, 1984, 1985, 1986, 1988, 1989, 1990, 1992, 1993, 1994, 1995, 1996, 1997, 1998, 1999, 2001, 2002, 1987, 1359, 319, 281, 7, 11, 14, 15, 17, 18, 19, 21, 7602, 85, 86, 87, 88, 89, 27, 28, 29, 4680, 90, 91, 92, 93, 94, 102, 6239, 104, 6241, 105, 6253, 7191, 6238, 6182, 322, 323, 6234, 7229]"
007A1,"[3223, 3224, 3225, 3226, 3227, 3228, 3229, 7472, 3230, 3232, 3233, 3234, 4462, 3236, 3237, 3238, 3240, 3068, 3069, 3070, 2041, 3071, 3072, 3073, 3074, 3075, 3076, 3077, 7653, 3080, 3081, 3084, 3222, 469, 470, 471, 472, 473, 4705, 475, 476, 478, 479, 480, 482, 483, 485, 487, 488, 489, 490, 491, 492, 493, 494, 495, 3235, 400, 281, 3239, 4, 4962, 3079, 477, 481]"
066B1,"[4003, 4404, 4405, 3991, 3998, 3999, 4000, 4001, 3949, 3950, 3372, 3373, 3374, 2233, 2234, 2235, 2236, 2237, 2238, 5056, 2239, 2241, 2242, 2243, 2244, 2245, 2246, 2247, 2248, 2249, 2250, 2251, 1472, 4408, 1474, 1476, 7453, 1478, 1479, 315, 347, 406, 2810, 7387, 2232, 1473]"
00421,"[3606, 3607, 7327, 3629, 3631, 3633, 6053, 3630, 3632, 3634, 3635, 7537, 905, 7539, 7541, 4331, 4339, 7616, 5081, 3645, 3646, 3647, 3661, 6051, 3662, 1212, 1213, 1215, 1216, 1217, 4563, 1218, 1270, 1272, 7540, 7542, 1274, 1277, 1220, 1221, 5082, 664, 3639, 3605, 665, 3644, 666, 667, 668, 3573, 614, 615, 1214, 616, 617, 618, 619, 675, 1184, 1275, 7538, 1276, 1219, 1273, 3636]"
046A1,"[2039, 2040, 2041, 2042, 2043, 2044, 2045, 2046, 4569, 7658, 4570, 2056, 2057, 2058, 2059, 2060, 2061, 2062, 2063, 2064, 4727, 4568, 4728, 461, 2068, 2069, 2070, 2084, 768, 769, 770, 771, 772, 773, 774, 775, 2065, 776, 777, 906, 907, 908, 909, 786, 792, 7586, 7587, 345, 320, 7491, 278, 2, 192, 795, 796, 797, 798, 800, 801, 802, 803, 804, 805, 806, 807, 799, 401]"
00661,"[3980, 6089, 3981, 3982, 3983, 3985, 3986, 3987, 3989, 3990, 3991, 3998, 3999, 4000, 4001, 3949, 3950, 3372, 3373, 3374, 2233, 2232, 2234, 2235, 2236, 2238, 5056, 2239, 2241, 2242, 2243, 2244, 2245, 2246, 2247, 2248, 2249, 2250, 2251, 1472, 4408, 1474, 1476, 7453, 1478, 1479, 315, 347, 406, 2810, 7387, 2237, 1473]"
00381,"[4745, 4989, 4990, 4992, 1719, 1828, 1829, 4997, 4998, 4999, 1833, 1820, 2468, 7319, 7342, 7125, 7344, 7334, 6274, 1838, 2338, 1840, 4991, 1841, 4314, 1834, 1687, 1688, 1689, 4899, 4900, 4746, 1845, 7166, 1847, 1696, 1698, 1699, 1700, 1701, 1702, 1703, 1905, 1804, 1803, 77, 78, 79, 80, 82, 817, 818, 819, 265, 349, 404, 747, 748, 749, 750, 751, 752, 753, 7370, 6059, 7339, 1697]"
00380,"[7333, 783, 785, 793, 7586, 7587, 7588, 274, 2, 192, 795, 796, 57, 58, 59, 60, 1802, 1795, 1806, 1660, 786, 1661, 1662, 1664, 1666, 1807, 7167, 1808, 2961, 4901, 4902, 1672, 1674, 1675, 1849, 1851, 1813, 1814, 1816, 6171, 4974, 784, 4976, 7126, 7124, 7343, 1665, 4980, 2289, 1822, 4994, 1673, 4995, 4996, 1826, 1827, 7382, 7381, 4742, 4743, 4744, 4745, 401, 7576]"
00071,"[7639, 7640, 5047, 3224, 3225, 3226, 3227, 3228, 3229, 7644, 7645, 7646, 3238, 3239, 3240, 3068, 3069, 3070, 2041, 3071, 3072, 3073, 3074, 3075, 3076, 3077, 7653, 6333, 3084, 469, 470, 471, 472, 473, 4705, 475, 476, 477, 478, 479, 480, 481, 482, 485, 487, 488, 490, 491, 492, 493, 494, 495, 400, 281, 4, 4962, 483, 489]"
00471,"[5013, 5014, 7291, 2085, 2086, 4455, 381, 382, 4451, 383, 384, 385, 387, 388, 389, 393, 371, 391, 392, 395, 396, 397, 398, 399, 400, 7564, 3485, 3486, 3487, 7415, 7416, 7325, 4984, 448, 451, 447, 5045, 4460, 453, 4477, 3321, 2066, 2067, 4728, 437, 459, 768, 3181, 2079, 2082, 2083, 2084, 2081, 2080, 7663]"
041C1,"[4905, 4907, 4909, 4921, 4922, 4923, 4924, 4958, 3752, 3689, 3691, 3572, 3701, 3702, 3088, 3704, 3705, 733, 6015, 5029, 5028, 3696, 3697, 3698, 7593, 3885, 1631, 1633, 1634, 1635, 1636, 1637, 1638, 1639, 1640, 231, 1641, 1642, 213, 214, 4432, 119, 44, 7603, 45, 46, 47, 48, 49, 51, 52, 277, 288, 4843, 7655, 4906, 4908, 3751, 5053, 3699, 1632]"
00490,"[342, 4521, 1934, 2385, 2386, 2387, 1290, 1291, 1292, 1293, 1294, 1295, 1296, 1297, 1298, 1121, 1122, 1125, 1127, 1130, 1140, 2515, 2516, 2517, 2518, 4749, 4750, 4751, 4754, 2388, 4755, 3003, 2522, 2524, 2523, 2532, 4877, 4878, 7180, 1124, 7123, 4347, 7181, 1123]"
00660,"[493, 494, 495, 400, 346, 317, 312, 1444, 1445, 7078, 1449, 1451, 2191, 2192, 2193, 2194, 2195, 2196, 2197, 2198, 2200, 2201, 7239, 4401, 2213, 2214, 2215, 2216, 7391, 4599, 2217, 2218, 3365, 3366, 3367, 3886, 3887, 3888, 7186, 3954, 3955, 3957, 3958, 3959, 3960, 3961, 3962, 3963, 3964, 3965, 3968, 3966, 1450, 5113, 3918, 5114, 2219, 7187, 3956]"
00181,"[2806, 2807, 486, 487, 2808, 2798, 2799, 753, 754, 755, 849, 850, 851, 2791, 2793, 2794, 385, 1077, 2479, 2480, 2481, 2482, 2483, 2484, 2485, 2486, 2487, 2448, 5026, 2450, 2328, 2329, 2330, 2331, 2101, 2102, 2726, 2105, 2780, 2781, 2782, 2783, 2652, 2653, 2655, 2656, 2668, 2672, 2673, 2206, 2207, 2488, 2489, 2210, 2211, 2212, 7165, 4357, 2727, 2208, 2654]"
00140,"[248, 249, 250, 251, 252, 255, 234, 235, 1190, 1191, 1192, 1193, 1194, 1195, 664, 665, 667, 668, 614, 615, 616, 617, 618, 619, 675, 4415, 666, 336, 7581, 236, 301, 1283, 7579, 1285, 1016, 1017, 1018, 1019, 1076, 1077, 1079, 1080, 1081, 2914, 2989, 2990, 1042, 1043, 1044, 1045, 4710, 1046, 1047, 1048, 1049, 4333, 1020, 4334, 4712, 2853, 2854, 2855, 1078, 2856, 2857, 2858, 2859, 2860, 2861, 2862, 2864, 4486, 2865, 2866, 6044, 2863]"
056A0,"[396, 398, 397, 399, 400, 4522, 1934, 2310, 2311, 2312, 2313, 2315, 2094, 1406, 1407, 1409, 2095, 2096, 2099, 2101, 2102, 2726, 2105, 2728, 2729, 6083, 2733, 2734, 5169, 2735, 2736, 2725, 2737, 2738, 2739, 7177, 2740, 2741, 2742, 2743, 2745, 2746, 2747, 2748, 7062, 6075, 2631, 2359, 2360, 4340, 395, 2314, 2097, 2730, 2727]"
01231,"[1492, 1494, 1495, 1496, 1499, 4518, 509, 510, 511, 513, 4513, 272, 335, 1278, 1934, 1935, 1491, 1937, 1938, 1482, 1939, 1940, 1941, 4516, 1369, 1485, 1370, 1371, 1454, 1455, 1453, 1457, 1458, 1459, 1460, 1462, 5149, 1419, 6094, 2102, 2103, 7154, 7153, 6056, 1493, 1515, 1456]"
00370,"[7340, 785, 786, 793, 7586, 7587, 329, 1443, 1444, 1445, 1647, 1648, 1649, 1911, 802, 1654, 1655, 1657, 4458, 1660, 1662, 1664, 1665, 1666, 1667, 1668, 1671, 1672, 1673, 1674, 1675, 7380, 1676, 1517, 1678, 1679, 4520, 7588, 4825, 7233, 4573, 4893, 4894, 4895, 7217, 7227, 6172, 4493, 4362, 2959, 1661, 1669, 1670, 784, 1656, 7576, 783, 4529, 1658, 1659]"
029A1,"[916, 917, 919, 7551, 4800, 5157, 4804, 738, 739, 740, 741, 742, 743, 744, 745, 600, 654, 655, 656, 657, 658, 915, 659, 604, 605, 606, 607, 608, 609, 610, 611, 612, 613, 5154, 614, 615, 616, 617, 618, 619, 675, 950, 620, 621, 918, 291]"
00160,"[7347, 3669, 7349, 1631, 5053, 1634, 1636, 1637, 1638, 1639, 1640, 231, 232, 233, 234, 235, 236, 237, 213, 214, 4432, 1633, 119, 44, 7603, 45, 46, 47, 48, 49, 51, 52, 262, 270, 336, 1279, 1632, 1282, 4456, 1284, 1285, 1287, 1288, 1289, 1290, 1291, 1292, 1293, 1294, 1295, 1296, 1297, 1298, 1299, 1300, 1301, 1302, 1303, 1304, 1305, 1320, 1321, 1323, 2966, 2967, 2968, 2969, 2970, 2971, 5051, 5052, 2975, 1635, 1322, 1324, 7068]"
00431,"[5044, 4433, 3752, 3751, 3689, 7594, 6117, 3655, 5086, 3656, 3657, 3658, 7329, 3659, 3660, 3647, 3661, 3573, 3662, 1212, 1216, 4563, 1218, 1270, 1272, 3690, 1275, 1276, 1277, 1219, 1220, 1221, 664, 665, 666, 667, 668, 614, 615, 1213, 616, 1214, 1217, 617, 618, 619, 675, 1184, 1273, 1274, 1215]"
01501,"[4863, 4864, 4865, 4577, 4578, 1100, 100, 1111, 2323, 2324, 2325, 2326, 5150, 2327, 2328, 2329, 2330, 2331, 1397, 1398, 1399, 5148, 1401, 1402, 1403, 1404, 1405, 4856, 4857, 307, 308, 309, 7412, 7413, 2383, 2003, 1358, 4495, 7663]"
00161,"[5171, 7620, 2976, 2977, 2978, 2979, 2980, 2981, 2991, 2992, 1325, 1326, 1327, 1328, 1329, 1330, 1331, 1332, 1333, 1334, 7293, 1335, 1336, 1337, 1338, 1339, 1340, 1341, 1342, 1343, 1344, 1345, 1347, 1348, 1349, 1350, 1352, 1353, 7589, 1357, 1359, 320, 278, 7615, 8, 12, 14, 15, 17, 18, 1355, 19, 21, 85, 203, 204, 205, 215, 216, 217, 218, 219, 220, 1622, 1623, 1624, 1625, 7602, 1626, 1627, 1629, 1628, 1630, 7347, 7621]"
00651,"[7270, 7269, 7266, 7265, 7262, 7261, 7259, 7256, 7255, 7249, 7253, 7251, 4051, 4052, 4054, 4055, 4057, 4101, 4102, 4058, 4059, 4060, 4061, 4062, 4063, 4064, 4056, 4133, 4065, 4066, 4067, 4068, 4069, 4070, 4071, 4072, 4073, 2583, 2584, 2585, 2586, 2587, 2588, 2589, 2590, 2591, 2592, 2357, 2358, 2359, 2360, 4348, 4646, 4647, 2346, 4435, 2594, 2595, 2596, 2597, 2599, 2600, 1155, 1157, 1158, 1159, 1160, 1161, 1162, 1163, 1164, 1165, 1166, 1167, 1168, 1169, 1170, 1070, 1071, 4528, 1072, 1352, 1353, 1355, 1357, 1358, 7564, 1069]"
040D1,"[7073, 7097, 7098, 7099, 7100, 7101, 7505, 5071, 5072, 7125, 7342, 7344, 7242, 7238, 7224, 1581, 1582, 6068, 1584, 983, 984, 1529, 4542, 1531, 1532, 1533, 1534, 1535, 1536, 1537, 186, 838, 839, 840, 841, 49, 4321, 51, 2510, 4793, 985, 52, 4725, 6071]"
01510,"[7514, 2279, 6251, 5140, 1500, 302, 301, 4494, 4522, 1934, 2310, 2311, 2312, 2313, 2315, 2094, 1406, 1407, 1409, 2095, 2096, 2097, 2099, 2101, 2102, 2726, 2727, 2105, 6140, 6144, 6145, 6146, 6147, 6149, 6150, 6143, 6011, 2133, 6244, 2134, 2135, 2164, 2165, 2166, 4545, 4552, 2314, 4554, 7016, 4619, 4495]"
00111,"[449, 3181, 451, 447, 5045, 4460, 453, 454, 4475, 3023, 3024, 3025, 3026, 3027, 3028, 3029, 3030, 3031, 875, 876, 878, 879, 880, 881, 882, 883, 884, 885, 450, 886, 887, 903, 904, 906, 908, 786, 793, 7586, 7587, 345, 320, 278, 7615, 10, 12, 907, 14, 909, 15, 17, 18, 7576, 19, 21, 7602, 22, 23, 24, 25, 27, 29, 4680, 31, 32, 33, 7220, 6122, 28, 401]"
00631,"[5106, 4396, 4773, 4393, 4395, 4313, 7373, 3289, 3290, 5168, 3291, 3292, 3293, 3294, 3295, 3296, 3297, 3298, 3260, 3261, 3262, 3153, 7362, 3129, 7634, 3249, 7637, 2023, 2024, 2025, 2026, 2027, 2028, 2029, 2030, 2031, 2032, 2033, 2034, 2035, 2036, 2039, 3285, 7324, 3283, 3284]"
00180,"[4359, 4360, 4361, 2202, 2203, 2204, 4888, 4799, 2205, 2687, 2688, 2689, 2696, 2697, 2700, 2702, 2784, 2785, 2786, 2787, 2181, 2182, 2778, 2185, 1421, 2317, 2318, 2319, 2464, 2465, 2466, 2467, 2494, 2495, 2496, 2497, 2471, 2472, 2473, 2474, 2475, 2476, 2477, 2478, 4527, 2788, 2789, 2790, 903, 779, 780, 781, 2701, 2796, 2797, 414, 415, 416, 417, 2800, 2801, 7599, 375, 904]"
01220,"[4525, 1700, 1701, 1702, 16, 73, 74, 4371, 833, 77, 78, 79, 80, 82, 83, 84, 51, 4526, 52, 263, 271, 1278, 832, 1282, 4456, 1284, 1285, 1286, 1288, 1289, 1360, 1362, 1363, 1364, 1365, 1366, 1367, 7455, 7438, 1410, 1412, 1413, 1414, 1415, 1417, 1418, 5149, 1419, 6094, 1411]"
015B0,"[7649, 395, 396, 397, 398, 399, 400, 7581, 1283, 7579, 1285, 1016, 1017, 1018, 1020, 1076, 1077, 1078, 1079, 1080, 1081, 2914, 2915, 2916, 2918, 1300, 1301, 1019, 1302, 1303, 5129, 5130, 1135, 7064, 7066, 2924, 2917, 2925, 7442, 7446, 7070, 7445, 6339, 6324, 6325, 6341, 6277, 6278, 6279, 6280]"
00390,"[768, 769, 771, 773, 770, 772, 775, 776, 777, 779, 780, 781, 782, 783, 785, 786, 793, 7576, 7586, 7587, 7588, 328, 1443, 1444, 1445, 1647, 1648, 1649, 1911, 1913, 1914, 1805, 1806, 1660, 1661, 1662, 1664, 1665, 1666, 1807, 1808, 1813, 1814, 1852, 1853, 1854, 1844, 6172, 4493, 4362, 7495, 4464, 7025, 1869, 1870, 1871, 1872, 1873, 1874, 1875, 1876, 1877, 1878, 1879, 1899, 1887, 1888, 1889, 1890, 7240, 1891, 7156, 7020, 7029, 7038, 7011, 2171, 7160, 7047, 784, 7167, 767]"
00691,"[3446, 3447, 3448, 3449, 3436, 7432, 3454, 3455, 3456, 3457, 3438, 5022, 6002, 5119, 5120, 5121, 5122, 3461, 4532, 4534, 4535, 2169, 2170, 4672, 3465, 4673, 2172, 2159, 4409, 1972, 1973, 1974, 1975, 1977, 1978, 1980, 1981, 1982, 4406, 1984, 1985, 1986, 1987, 1988, 2642, 7435, 2722, 1471, 1472, 4408, 1474, 1476, 7453, 1480, 2912, 1358, 4495, 4564, 1473, 3443, 3444, 3445]"
017A1,"[956, 957, 958, 959, 960, 961, 962, 963, 964, 965, 966, 967, 968, 1252, 1228, 1244, 4597, 1246, 1229, 5174, 6078, 7112, 972, 973, 974, 975, 5055, 127, 112, 113, 128, 129, 130, 131, 132, 7458, 979, 980, 981, 1576, 1577, 1578, 4364, 976, 1579, 1580, 7237, 7241, 7247, 7243, 7334, 6274, 1838, 2338, 2290, 6179, 7297, 7389, 7025, 6180]"
00761,"[4341, 4348, 4646, 2363, 2364, 2618, 5011, 2762, 2110, 2111, 2112, 2114, 2115, 2116, 2117, 2118, 2119, 2120, 2121, 2123, 2685, 4795, 2686, 7510, 4799, 2205, 2687, 2688, 2689, 2696, 2697, 4414, 5009, 2199, 4647]"
00141,"[6041, 2826, 2842, 2843, 2844, 2845, 2846, 2847, 4397, 2848, 2849, 2850, 2851, 2852, 4707, 4708, 4336, 1051, 1052, 1053, 1054, 1036, 1037, 1038, 2998, 2999, 3000, 3001, 3002, 1166, 1167, 1168, 1169, 1170, 1069, 1070, 1071, 4528, 1072, 7577, 1353, 1354, 4709, 7578, 7582, 297, 496, 7490, 497, 515, 516, 4384, 519, 521, 522, 523, 669, 7589, 670, 672, 4382, 1185, 1186, 1187, 1188, 216, 217, 242, 243, 244, 245, 246, 248, 7659, 671]"
056A1,"[2349, 2351, 2621, 2622, 2750, 2751, 2752, 2753, 2754, 2755, 2756, 2764, 7178, 2765, 2766, 2767, 2772, 2768, 2769, 2770, 2771, 2773, 2774, 2777, 2775, 2181, 2778, 2185, 7043, 1424, 2186, 2187, 2188, 2189, 1436, 3952, 2190, 4434, 2379, 4344, 2380, 5099, 2383, 2003, 1358, 340, 350, 351, 352, 353, 354, 2182, 2382]"
015A1,"[1105, 1107, 1108, 1109, 1110, 1111, 1112, 1113, 1114, 1115, 2437, 1117, 1118, 1120, 1164, 1165, 1166, 1167, 1168, 1169, 1170, 1069, 1070, 1071, 4528, 1072, 7577, 1353, 1354, 7578, 7582, 340, 407, 2498, 2499, 7216, 7558, 353, 354, 1119, 7589, 7650]"
00090,"[7132, 6230, 6228, 4788, 6273, 136, 137, 193, 138, 167, 168, 169, 141, 142, 143, 115, 37, 38, 39, 40, 146, 147, 184, 185, 186, 187, 188, 189, 190, 191, 819, 263, 277, 336, 1278, 1282, 4456, 1284, 1285, 1286, 1288, 1289, 1290, 1291, 2389, 2390, 2391, 2392, 2393, 2394, 1090, 2413, 2414, 2415, 2416, 2417, 2418, 2419, 2452, 2454, 2455, 2456, 2445, 2457, 4392, 2453]"
00670,"[7391, 493, 494, 495, 400, 346, 317, 312, 1444, 1445, 7078, 1449, 1450, 2191, 2192, 2193, 2194, 2195, 2196, 2197, 2198, 2200, 2201, 7239, 4401, 2213, 2214, 2215, 2216, 4599, 2217, 2218, 2219, 3365, 3366, 3367, 3886, 3887, 3888, 7186, 7187, 3947, 3892, 3893, 3895, 3896, 3897, 3899, 3900, 3901, 3902, 3904, 3905, 3906, 3908, 3909, 5118, 3910, 3911, 3912, 3913, 3914, 7075, 3925, 6089, 3907, 3008, 1451, 3898]"
033B1,"[3734, 3735, 3736, 7204, 3739, 3738, 7170, 3740, 3741, 5165, 7169, 3743, 3744, 3780, 3745, 3746, 3749, 3752, 3689, 3690, 4330, 3733, 3751, 3732, 3750, 7594]"
01020,"[4381, 935, 936, 913, 914, 938, 940, 941, 942, 3599, 3610, 3611, 3612, 3613, 3615, 3616, 3618, 3619, 3622, 3623, 4387, 3634, 3635, 3636, 905, 4331, 3641, 6010, 3656, 3653, 1039, 1040, 6054, 4330, 3691, 3572, 3701, 3702, 3088, 3704, 3705, 733, 6015, 788, 943, 4503, 6135, 3620, 7348, 4339, 815, 816, 3663]"
00611,"[2936, 2938, 7440, 2948, 2940, 2954, 2956, 7067, 2965, 2983, 2984, 7449, 2941, 2942, 2943, 2944, 2946, 2947, 1305, 1306, 1307, 1308, 1309, 1310, 1311, 1312, 1313, 1055, 2868, 2892, 2893, 2894, 2937, 2895, 2896, 2897, 2898, 2949, 3562, 2899, 884, 885, 886, 887, 2900, 2901, 2903, 1074, 2945, 6074, 5034, 495, 400, 303, 2902, 2934, 2950, 793, 2935, 4529]"
00010,"[226, 228, 229, 227, 230, 231, 1641, 1642, 213, 214, 4432, 119, 7603, 45, 46, 47, 48, 49, 51, 52, 265, 271, 340, 44, 350, 351, 352, 353, 354, 355, 356, 357, 372, 373, 374, 375, 2804, 378, 380, 390, 376, 377]"
02391,"[4795, 4688, 4689, 4410, 2678, 4630, 4631, 5138, 4611, 4612, 4613, 3370, 7168, 4616, 2227, 2229, 6133, 2228, 6127, 4826, 1912, 1895, 1896, 1897, 1844, 6073, 4493, 4362, 7026, 4715]"
027A0,"[300, 496, 7490, 497, 515, 516, 519, 521, 522, 523, 669, 670, 4382, 1196, 1197, 1198, 4782, 1782, 1783, 1784, 1785, 1786, 624, 626, 627, 628, 629, 630, 4466, 633, 634, 1005, 1788, 7199, 4384, 7659, 671, 672, 1789, 625]"
041B0,"[288, 1171, 1172, 1173, 1174, 1175, 15, 17, 18, 19, 21, 7602, 85, 203, 204, 205, 1620, 220, 1622, 1623, 1624, 1625, 1626, 1627, 1629, 1630, 7348, 3671, 3672, 3674, 3675, 3676, 5073, 5074, 6054, 4330, 3679, 5075, 5076, 3682, 3864, 3865, 7133, 7134, 3867, 7135, 7136, 3874, 1628]"
068A1,"[1375, 1376, 1377, 1378, 1379, 1380, 1381, 1382, 1383, 1384, 1385, 1348, 1349, 1350, 1352, 1353, 7589, 1357, 1358, 4495, 1355]"
045A1,"[4533, 4177, 4178, 4142, 4143, 4144, 5088, 5089, 4176, 4149, 3045, 4150, 4151, 2997, 4156, 4169, 4170, 4153, 4154, 4416, 4201, 4202, 4203, 5090, 4205, 4206, 3140, 3545, 3546, 3551, 3547, 3548, 3552, 3553, 3554, 3555, 3556, 3557, 3560, 7323, 3561, 3225, 3226, 3227, 3228, 3229, 4844, 7472, 3230, 3231, 3246, 3247, 7056, 3248, 3343, 3236, 3237, 3238, 3240, 3068, 3069, 3070, 4983, 4204, 3239]"
015B1,"[6285, 6286, 6287, 6342, 6298, 6336, 7069, 7443, 7444, 2941, 2942, 7065, 7063, 1137, 5131, 5132, 1331, 6288, 1332, 1333, 1334, 2985, 2986, 2988, 3001, 3002, 1166, 1167, 1168, 1169, 1170, 1069, 1070, 1071, 4528, 1072, 7577, 1353, 1354, 7578, 7582, 340, 407, 2498, 2499, 7216, 7558, 353, 7589, 354, 7650]"
00311,"[568, 571, 574, 573, 575, 576, 579, 580, 581, 582, 583, 584, 585, 586, 587, 588, 590, 591, 592, 593, 594, 596, 598, 600, 601, 603, 604, 605, 606, 607, 608, 567, 609, 610, 611, 612, 613, 614, 615, 616, 617, 618, 619, 675, 620, 577, 7569, 589, 599, 602, 569, 570, 572, 595, 597]"
00110,"[6122, 35, 36, 37, 38, 39, 40, 41, 42, 43, 44, 7603, 45, 46, 47, 48, 49, 51, 52, 261, 271, 404, 747, 842, 845, 846, 847, 848, 849, 850, 851, 852, 853, 855, 856, 857, 858, 859, 860, 861, 862, 3014, 3015, 3016, 3017, 3018, 3019, 3020, 3021, 3022, 441, 442, 443, 444, 445, 4779, 7057, 4847, 4848, 854, 449]"
00091,"[2446, 2459, 2460, 2461, 2462, 2463, 2431, 2432, 2433, 2434, 2435, 2436, 2437, 2438, 4392, 2439, 2440, 2441, 2442, 2443, 2444, 1344, 1345, 1347, 1348, 1349, 1350, 1352, 1353, 7589, 1355, 1357, 1359, 319, 281, 4, 194, 195, 196, 197, 198, 199, 200, 201, 148, 149, 150, 27, 28, 4680, 90, 91, 129, 131, 164, 165, 166, 7458, 4479, 4376, 4377, 4890, 4369, 6219, 6229, 7131, 29, 130]"
01230,"[6057, 2183, 2184, 2185, 1423, 1424, 1425, 1426, 1463, 4399, 4400, 1464, 1469, 1465, 1466, 1467, 1468, 1377, 1378, 4514, 4515, 1995, 1996, 1997, 1998, 1999, 2001, 2002, 1359, 274, 7164, 1505, 4509, 499, 501, 1484, 7320, 1486, 1487, 1488, 1489, 1490, 500, 1481]"
015A0,"[7649, 395, 396, 397, 398, 399, 400, 7581, 1283, 7579, 1285, 1016, 1017, 1019, 1076, 1077, 1078, 1079, 1080, 1081, 1082, 1083, 1085, 1086, 1088, 1089, 1090, 1091, 1092, 1093, 1094, 1095, 1096, 1101, 1102, 1104, 1018, 1087, 1020, 1103]"
00690,"[4720, 1443, 1444, 1445, 7078, 1449, 1452, 2640, 2641, 1948, 1949, 1950, 1951, 1952, 1953, 1954, 1955, 1956, 1957, 1959, 1960, 4379, 1968, 1969, 1970, 2160, 1971, 2161, 4666, 4667, 2162, 2163, 2168, 4536, 6003, 5123, 5124, 5125, 6001, 4438, 3432, 3426, 4495, 3434, 3435, 3453, 3437, 3439, 3440, 4557, 3441, 4560, 5126, 1450, 1451, 1958, 4665]"
00321,"[3591, 3592, 3593, 3595, 3596, 3597, 3598, 4465, 944, 945, 947, 949, 928, 929, 930, 931, 587, 588, 589, 590, 591, 592, 593, 594, 595, 596, 597, 598, 599, 600, 601, 603, 604, 605, 606, 607, 608, 609, 610, 611, 613, 3624, 614, 615, 616, 617, 618, 619, 675, 620, 7569, 3587, 3588, 3594, 948, 602, 612, 3590, 3589]"
040D0,"[7, 11, 14, 15, 834, 835, 836, 1506, 1507, 1508, 1509, 1510, 1512, 1538, 4548, 1514, 980, 981, 1576, 1577, 1578, 4364, 1579, 1580, 7237, 7247, 7243, 7126, 7124, 7343, 7318, 4978, 4979, 4986, 7107, 7102, 7103, 7104, 7105, 7106, 837, 6005, 7072, 1511, 7241, 6004]"
00681,"[6185, 6186, 6216, 3400, 3401, 3402, 3403, 3404, 3405, 3406, 3410, 3407, 3409, 4558, 3411, 3412, 3414, 3415, 3416, 3417, 3418, 3419, 3420, 3421, 3422, 3423, 2156, 6014, 2158, 2159, 4409, 2173, 2174, 3425, 2176, 2178, 7354, 1975, 1977, 1978, 1980, 1981, 1982, 4406, 1984, 1985, 1986, 1987, 1988, 1989, 1375, 1376, 1377, 1378, 1379, 1380, 1381, 1382, 1383, 1384, 1385, 1348, 1349, 1350, 1352, 1353, 7589, 1355, 1357, 1358, 7665, 3413, 2177]"
025A0,"[7391, 493, 494, 495, 400, 7392, 312, 1444, 1445, 4407, 2637, 2721, 7012, 7566, 2201, 7239, 4401, 2213, 2214, 2215, 2216, 4599, 5058, 4602, 4603, 4604, 4605, 4562, 7386, 4607, 4608, 4609, 4610, 4611, 4612, 4613, 3370, 7168, 4616, 4601, 7588]"
025B0,"[7391, 493, 494, 495, 400, 7392, 312, 1444, 1445, 4407, 2637, 2721, 7012, 2201, 7239, 4401, 2213, 2214, 2215, 2216, 4599, 4601, 5058, 4602, 4603, 4604, 4605, 4562, 7386, 4607, 7140, 7141, 7138, 3370, 7231, 7128, 7117, 7118, 6289, 7588]"
02390,"[7026, 1882, 7379, 4903, 1883, 1884, 7155, 1887, 1888, 1889, 1890, 4820, 6126, 2226, 6134, 2223, 2224, 2225, 4620, 7563, 3368, 4626, 4627, 4327, 4603, 4604, 2681, 4691, 2682, 4690, 4411, 4715, 4795]"
084X1,"[7296, 4260, 4266, 4253, 4268, 4273, 4277, 7462, 7461, 4281, 4282, 4283, 4284, 4295, 4296, 4301, 4302, 4591, 4590, 7366, 7367, 7368, 3143, 3144, 3145, 5128, 2060, 2062, 2064, 4727, 768, 772, 775, 906, 909, 786, 791, 792, 7586, 7587, 317, 4529]"
01400,"[7277, 7149, 6363, 6361, 6367, 4985, 6219, 6229, 6364, 1558, 4542, 1531, 1532, 1533, 1534, 1535, 1536, 1537, 186, 187, 188, 189, 190, 191, 819, 264, 6059, 334, 7581, 1283, 7579, 1285, 1016, 1017, 1020, 1076, 1021, 6042, 1022, 1023, 895, 1018, 1019, 1024]"
017A0,"[4747, 7298, 2294, 6039, 1816, 6171, 4974, 4976, 2510, 7242, 7238, 7224, 1581, 4793, 6068, 983, 984, 985, 987, 988, 138, 139, 140, 141, 142, 143, 92, 93, 94, 126, 989, 6009, 990, 991, 1584, 992, 7044, 993, 5060, 5061, 1235, 1251, 253, 7130, 1253, 997, 999, 1000, 1001, 1002, 1003, 1004, 1005, 1006, 1007, 1008, 1009, 1012, 998, 1010, 1237]"
01200,"[485, 487, 488, 489, 490, 491, 493, 494, 495, 400, 279, 3, 192, 795, 796, 56, 58, 4499, 4934, 4500, 4481, 4485, 822, 823, 824, 492, 825, 826, 71, 72, 5144, 7027, 4538, 7396, 5145, 276, 827]"
01300,"[7617, 496, 7490, 515, 516, 4384, 519, 521, 522, 7659, 1740, 1741, 1742, 1743, 1744, 1746, 1747, 1748, 1749, 1754, 1758, 1750, 1769, 1770, 1761, 1762, 1765, 1767, 7591, 523, 1745, 1751, 1752, 1753, 1759, 1760, 1763, 1764, 1771]"
01500,"[7662, 4495, 1279, 1934, 2310, 2311, 5025, 4854, 1438, 4855, 1439, 1440, 1386, 1387, 1388, 1389, 3355, 3356, 1441, 1442, 7414, 1396, 2317, 2318, 2319, 2320, 2321, 2322, 1095, 1096, 1097, 1099, 6132, 4861, 4862, 6163]"
01840,"[4170, 4132, 4134, 4135, 4207, 4136, 4208, 4209, 4210, 4211, 4212, 4213, 5139, 4214, 4215, 4216, 4289, 4290, 4291, 4222, 4224, 4225, 7462, 7461, 4227, 4228, 4229, 4168, 4232, 7351, 4234, 4235, 6019, 4236, 4650, 4651, 4652, 4653, 4654, 4655, 6138, 4656, 4226, 4230]"
076A0,"[7026, 4747, 2960, 1840, 1841, 1842, 7374, 2241, 2242, 2243, 2200, 5006, 5007, 2655, 2656, 2668, 2672, 2673, 2206, 4798, 4795, 2675, 2124, 2125, 2126, 2127, 2128, 2129, 2130, 2158, 2159, 4409, 2173, 2174, 3425, 2763, 2619, 2620, 2345, 5008, 4640, 4347, 4341]"
027B1,"[1634, 324, 1636, 1637, 1638, 992, 7044, 993, 5060, 5061, 1231, 1232, 1233, 1234, 7358, 1235, 1251, 675, 4415, 303, 253, 5033, 7130, 1237, 1238, 1239, 247, 1240, 1241, 1242, 1277, 1219, 1220, 1221, 664, 665, 1635, 666, 667, 668, 614, 615, 616, 617, 618, 619, 7479, 7484, 7485, 7486, 7487]"
01201,"[284, 4504, 7028, 5147, 68, 30, 69, 828, 829, 830, 831, 75, 4501, 4935, 4502, 4936, 79, 80, 82, 817, 819, 263, 4725, 273, 405, 408, 409, 410, 411, 412, 413, 818, 414, 415]"
00760,"[2200, 5006, 5007, 2655, 2656, 2668, 2672, 2673, 2206, 4798, 4795, 2675, 2124, 2125, 2126, 2127, 2128, 2129, 2130, 2158, 2159, 4409, 2173, 2174, 3425, 2763, 2619, 2620, 2345, 5008, 4640, 4347, 4341, 2243]"
01221,"[1425, 1426, 1427, 1428, 1429, 1430, 1432, 1433, 1434, 1435, 7439, 7454, 1380, 1381, 1423, 1382, 1383, 1424, 1384, 1385, 1348, 1349, 1350, 1352, 1353, 7589, 1355, 1357, 1359, 279, 3, 12, 14, 53, 54, 55, 56, 58, 59, 60, 820, 63, 65, 66, 4498, 1660, 1661, 4523, 4524, 4322, 821, 64]"
00041,"[2051, 6086, 3161, 3162, 3163, 3164, 3084, 469, 470, 471, 472, 4705, 475, 476, 7330, 477, 478, 479, 480, 481, 482, 483, 485, 487, 488, 489, 490, 491, 492, 493, 494, 495, 473, 400, 281, 6, 194, 195, 196, 197, 198, 199, 200, 201, 148, 149, 150, 27, 28, 4680, 90, 91, 92, 93, 94, 6182, 322, 323, 332, 29, 126]"
00430,"[1184, 7490, 497, 515, 516, 4384, 519, 522, 523, 669, 670, 671, 672, 4382, 1196, 1197, 1198, 1200, 4385, 1201, 1203, 6115, 4849, 1205, 1206, 1207, 1208, 1210, 3575, 3576, 3648, 3649, 3650, 7328, 3651, 3652, 3653, 3654, 5084, 6054, 4330, 3679, 3711, 3712, 4917, 4918, 4919, 7659, 1202, 1209, 521]"
041C0,"[1173, 1171, 1172, 1174, 1175, 15, 17, 18, 19, 21, 7602, 85, 203, 204, 288, 205, 1620, 220, 1622, 1624, 1625, 1626, 1627, 1628, 1629, 1630, 3670, 3671, 3672, 3674, 3675, 5030, 5031, 6033, 3089, 3707, 3708, 3710, 4925, 4926, 3678, 3679, 3711, 3712, 4916, 4917, 4918, 4919, 4920, 4910, 1623, 4912, 4913, 4914, 4915, 4957, 3090, 3706, 4911, 3709]"
01841,"[4660, 4661, 4238, 4239, 4237, 3442, 4240, 4241, 4242, 4243, 4244, 4277, 4278, 4279, 7462, 7461, 4281, 4283, 4284, 4292, 4293, 4294, 4295, 4296, 4297, 4299, 4300, 4301, 4302, 7279, 4303, 4658, 4659, 4304, 4148, 4149, 3045, 4150, 4151, 4156, 4168, 4657, 4282, 5135, 4280]"
01110,"[3134, 3143, 3144, 3221, 3222, 3223, 3224, 3225, 3226, 3227, 3228, 3229, 7472, 3232, 3233, 3234, 3236, 6103, 7554, 2031, 2032, 2033, 2035, 2036, 2039, 2037, 3046, 3047, 3048, 3053, 3054, 3055, 3057, 7639, 7640, 5047, 3230, 4462, 3235, 3051, 3052, 3237, 3049, 2034, 3050, 3056]"
00011,"[382, 4451, 383, 384, 387, 381, 388, 389, 393, 371, 391, 392, 395, 396, 397, 398, 399, 400, 319, 278, 385, 7615, 12, 14, 15, 17, 18, 19, 21, 7602, 85, 204, 205, 1620, 220, 221, 222, 223, 224, 225, 226, 10, 203]"
00251,"[3890, 3949, 3950, 2229, 2230, 2231, 2233, 2232, 2234, 2235, 2236, 2237, 5056, 2239, 2241, 2242, 2243, 2244, 2246, 2247, 2248, 2249, 2250, 2251, 1472, 4408, 1473, 1474, 1476, 7453, 1478, 1479, 315, 3891, 347, 406, 4530, 2238, 748, 7390, 2245]"
00440,"[7571, 207, 208, 209, 210, 211, 212, 213, 214, 4432, 119, 44, 7603, 45, 46, 47, 48, 49, 51, 52, 265, 271, 340, 350, 2809, 2810, 2811, 843, 1013, 1015, 2813, 2814, 852, 853, 854, 855, 2815, 2816, 2817, 2818, 2819, 2820, 2822, 2823, 5032, 2825, 2826, 2827, 2828, 2829, 2830, 2831, 2832, 2833, 7375, 3466, 3467, 3469, 3470, 3471, 3472, 3473, 3474, 3475, 3476, 3477, 3478, 3282, 3479, 4086, 4087, 4088, 4089, 4090, 4091, 6097, 4093, 4094, 4096, 2812, 2824, 3280]"
066A0,"[493, 494, 495, 400, 346, 317, 312, 1444, 1445, 7078, 1449, 2191, 2192, 2193, 2195, 2197, 2198, 2201, 7239, 2213, 2214, 2216, 4599, 2215, 2217, 2218, 2219, 3365, 3366, 3888, 3887, 7186, 3954, 3955, 3956, 3957, 3993, 3994, 1450, 1451, 2194, 2196, 2200, 4401, 3367, 3886, 7391, 7187]"
00171,"[433, 432, 434, 2068, 2069, 2070, 2084, 4391, 867, 869, 870, 873, 874, 875, 876, 3011, 3085, 2820, 3082, 2822, 2823, 3083, 5032, 2867, 430, 1035, 431, 1314, 1315, 1317, 1318, 1319, 1329, 1330, 1331, 765, 1332, 1333, 1334, 1335, 1336, 1086, 1087, 1088, 1089, 1090, 2413, 2414, 2415, 2327, 2464, 2465, 1316, 3360, 1392, 1394, 1281, 1395, 3361, 3362, 1436, 2190, 1366, 1367, 2466, 3952]"
00320,"[621, 289, 496, 7490, 515, 516, 4384, 519, 521, 522, 7659, 523, 525, 526, 527, 528, 529, 530, 531, 709, 532, 533, 534, 535, 537, 538, 539, 540, 541, 542, 543, 544, 545, 546, 910, 911, 912, 913, 914, 938, 940, 941, 942, 943, 3599, 3600, 3601, 3602, 3604, 3616, 3618, 3619, 3620, 3622, 3623, 4387, 536]"
054A0,"[342, 1279, 1934, 2385, 2386, 2387, 2388, 1290, 1291, 2389, 2390, 2391, 2392, 2393, 2394, 2395, 2396, 2397, 2398, 2399, 2400, 2401, 2402, 2403, 1096, 1097, 1099, 6132, 2551, 2553, 2554, 2555, 2556, 2557, 4436, 5008, 4640, 7214, 2349, 2351, 2558, 6170, 5023, 5024, 4347]"
033X1,"[3815, 3816, 3566, 3567, 7292, 3818, 3819, 3820, 3822, 3823, 3824, 3565, 3825, 3826, 3827, 3828, 3829, 3831, 3832, 3833, 3834, 3835, 3836, 3837, 3838, 3840, 3842, 3844, 3845, 3848, 3849, 3850, 3851, 3852, 3853, 3854, 3855, 3856, 3857, 3858, 3860, 3861, 3862, 3863, 3748, 6050, 7398, 3843, 3846, 6252, 302, 333, 403, 747, 748, 3859]"
027B0,"[300, 7490, 497, 515, 516, 4384, 519, 521, 522, 7659, 669, 670, 671, 672, 4382, 1197, 1198, 1222, 1223, 1224, 1225, 1226, 1227, 1228, 1244, 254, 523, 1196, 1246, 1229, 1231, 1232, 1233, 7358, 5174, 6078, 7112, 972, 1625, 1626, 1627, 1628, 6234, 1234, 1629, 332]"
00630,"[2039, 2040, 2041, 2042, 2046, 2047, 2048, 2049, 2050, 2051, 2053, 2054, 2055, 7636, 7651, 7635, 3254, 5127, 5128, 3126, 3255, 3256, 3265, 3266, 3346, 3267, 3268, 3269, 3270, 3271, 3272, 3273, 3274, 3275, 3276, 7372, 5106, 4396, 4773, 4393, 4395, 4313, 3277, 3278, 3279, 3280, 3282, 3283, 2043, 2044, 2045, 3478]"
00591,"[3099, 3100, 3102, 3103, 5105, 3105, 3106, 3107, 3108, 3111, 3058, 3059, 3060, 3061, 3062, 3063, 3065, 3066, 3067, 3068, 3070, 4983, 3101, 3064, 3069, 7666]"
00680,"[7546, 1278, 1282, 1284, 1285, 4495, 7547, 4456, 1286, 1288, 1289, 1360, 1362, 1363, 1364, 1365, 1366, 1367, 1369, 1370, 1371, 1372, 1373, 1374, 1946, 1947, 1948, 1949, 1950, 1951, 1952, 1953, 1954, 1955, 1956, 1957, 1958, 1959, 1960, 4379, 1968, 1969, 1970, 2114, 1971, 2115, 6011, 2133, 6244, 2134, 3378, 3379, 4669, 2165, 2166, 2167, 3383, 3384, 7483, 3385, 3386, 3387, 4559, 3389, 3390, 6119, 3392, 3393, 3394, 3396, 3398, 3399, 6187, 6188, 6215, 6184, 3397]"
045A0,"[3047, 3203, 3205, 2040, 3202, 3204, 3206, 3241, 3242, 3243, 3244, 3245, 3212, 3213, 3214, 3215, 3216, 3217, 3218, 3534, 3535, 3536, 3537, 3538, 7556, 3539, 3540, 3541, 3546, 3551, 3547, 3548, 3542, 3543, 3139, 4124, 4125, 4126, 4127, 4128, 4129, 4130, 4131, 7294, 4156, 4169, 4170, 4132, 4134, 4135, 4136, 4147, 5167, 4139, 4140, 7522, 4175, 5091, 5092, 6000, 2037]"
076A1,"[4341, 4348, 4646, 4647, 2363, 2364, 2618, 5011, 2762, 2110, 2111, 2112, 2114, 2115, 2116, 2117, 2118, 2120, 2121, 2123, 2685, 4795, 2686, 7510, 4799, 2205, 2687, 2688, 2689, 2696, 2697, 4414, 5009, 2201, 4401, 1813, 1814, 7026, 2119]"
039A0,"[768, 770, 767, 328, 769, 771, 772, 773, 774, 775, 776, 1443, 779, 1444, 780, 782, 783, 1445, 784, 785, 1647, 786, 793, 7576, 7586, 7587, 1648, 1649, 777, 1911, 1913, 781, 1805, 1806, 1660, 1661, 1662, 1664, 1665, 1666, 1807, 1808, 7389, 1914, 7025, 7588, 4464, 1869, 1870, 1871, 7167, 1872, 1873, 1874, 1875, 1876, 1877, 1878, 1879, 1899, 6107, 6108, 6109, 6110, 7020, 7038, 7011, 2171, 7047, 7161, 7160, 7162, 7029, 4529]"
00831,"[2492, 2493, 2465, 2466, 2467, 2494, 2495, 2496, 2497, 2471, 2472, 2473, 2474, 2475, 2476, 2477, 2478, 1170, 1069, 1070, 1071, 4528, 1072, 1352, 1353, 1355, 1357, 1359, 319, 1443, 1616, 1617, 1618, 1619, 195, 197, 198, 199, 200, 201, 202, 153, 154, 155, 156, 7430, 177, 178, 1539, 1540, 7426, 7427, 7428, 138, 133, 134, 4890, 4369, 6219, 6229, 196, 6348, 1182, 1550, 1551, 1552, 6234, 151, 332]"
00310,"[621, 289, 496, 515, 516, 4384, 519, 521, 522, 7659, 525, 526, 527, 528, 529, 530, 531, 709, 532, 533, 534, 535, 536, 537, 538, 539, 540, 541, 542, 543, 544, 545, 546, 547, 548, 549, 550, 551, 552, 553, 554, 555, 557, 558, 559, 560, 562, 563, 564, 565, 566, 707, 708, 731, 710, 711, 712, 713, 714, 715, 716, 719, 720, 721, 693, 585, 523, 718]"
054A1,"[5161, 5162, 2571, 2359, 2360, 4348, 4646, 4435, 2594, 2595, 2596, 2597, 2599, 4577, 4578, 1100, 100, 1111, 2404, 2405, 2406, 2408, 2409, 2410, 2411, 2412, 2438, 2439, 2440, 2441, 2442, 2443, 2444, 4647, 1344, 1345, 1347, 2634, 2635, 2636, 2383, 2003, 1358, 342]"
02701,"[3334, 3352, 3336, 3338, 3339, 3340, 4324, 4769, 4770, 4765, 4766, 4767, 4768, 4326, 7026, 3333, 3335, 3337]"
007B1,"[3544, 3552, 3553, 3554, 3555, 3556, 3557, 7317, 3224, 3225, 3226, 3227, 3228, 3229, 7472, 3230, 3231, 3246, 7056, 4731, 2023, 2024, 2025, 6086, 7419, 7420, 3345, 4727, 4728, 461, 2068, 2069, 2070, 2084, 768, 769, 770, 771, 772, 773, 774, 3247, 775, 776, 777, 906, 908, 909, 786, 792, 7586, 7587, 345, 320, 281, 4, 4962, 907, 4529]"
029A0,"[289, 7617, 496, 515, 516, 4384, 519, 521, 522, 7659, 525, 526, 527, 528, 529, 530, 531, 709, 532, 649, 650, 651, 4472, 4386, 653, 722, 723, 724, 725, 726, 727, 728, 729, 5160, 5155, 5156, 7552, 924, 523, 925, 927, 938, 7490, 730, 4806]"
033B0,"[4330, 3679, 3719, 3720, 3721, 5069, 7039, 3711, 3712, 3713, 3714, 3718, 3722, 3723, 3724, 3726, 3732, 3728, 3729, 3725, 7204, 3730]"
00420,"[1184, 7490, 515, 516, 519, 522, 669, 670, 672, 1196, 1197, 1198, 1200, 1201, 1202, 1203, 4849, 1206, 497, 1207, 1209, 3575, 4384, 3576, 3578, 3580, 521, 3640, 7659, 3574, 3641, 671, 3642, 3643, 1199, 3583, 4385, 3585, 3625, 6115, 3626, 3628, 6052, 1208, 1211, 3615, 3577, 3616, 3579, 523, 4382, 3584, 3627, 1205, 3613, 1210]"
00791,"[2670, 2910, 2911, 7507, 2663, 2664, 2665, 2666, 2667, 2696, 2697, 2700, 2702, 2703, 2704, 2706, 6070, 2708, 5134, 2718, 2719, 7435, 2722, 4413, 2701, 1476, 7453, 1480, 2912, 1358, 326]"
00700,"[7333, 783, 785, 786, 793, 7586, 7587, 7588, 329, 1443, 1444, 1445, 1647, 1648, 1649, 1911, 1913, 1914, 1805, 1806, 1660, 1661, 1662, 1664, 1665, 1666, 1807, 7167, 1808, 7389, 4324, 4769, 4770, 4765, 4766, 4767, 4325, 3328, 3329, 3330, 3331, 3351, 3332, 784, 3333, 4768, 7576]"
044B0,"[2826, 2827, 2828, 2829, 2830, 2831, 2832, 2833, 6006, 3493, 3494, 3495, 3496, 3497, 3498, 3499, 3500, 3501, 3502, 3503, 3504, 3505, 3506, 3507, 3508, 3510, 3512, 3514, 2825]"
02380,"[7073, 7097, 7098, 7099, 7100, 7101, 7505, 5071, 5072, 4980, 2289, 1835, 1836, 1837, 2338, 661, 7026, 4323, 1824, 1825, 1826, 1827]"
02200,"[102, 6239, 104, 6241, 105, 4365, 4788, 137, 979, 1529, 1530, 1531, 1532, 1592, 1593, 1594, 1596, 4363, 1598, 1599, 1600, 1602, 1604, 1573, 1575, 4583, 1576, 1577, 1578, 4364, 1580, 7237, 7241, 7247, 7243, 7126, 7124, 7343, 7318, 4980, 2289, 1835, 1836, 1837, 2338, 2290, 6179, 6180, 1813, 661, 7026, 1882, 1856, 1857, 1858, 1859, 1860, 4492, 1861, 1862, 1863, 1864, 1865, 1866, 1850, 4323, 1824, 1826, 1827, 4686, 4687, 4367, 6273, 136, 193, 1597, 1601, 1603, 1574, 7297, 1814, 1867, 4489, 1825]"
00261,"[2210, 2241, 2242, 2243, 2244, 2245, 2246, 2247, 2248, 2249, 2250, 2251, 1472, 4408, 1473, 1474, 1476, 7453, 1478, 1479, 315, 347, 406, 2810, 7387, 2211]"
084A0,"[422, 423, 424, 425, 426, 427, 429, 3032, 3114, 3116, 3117, 3118, 3119, 3120, 3122, 3123, 3124, 3126, 3127, 3128, 7638, 3130, 3131, 3132, 3133, 5046, 3115, 3125, 7639, 3134, 3135, 3136, 3139, 4124, 4125, 4127, 4128, 4129, 4130, 7294, 4156, 4168, 3138, 4126, 4131]"
040B1,"[7013, 6162, 7022, 1554, 1555, 1556, 1557, 1181, 7350, 1558, 1549, 1523, 1524, 1525, 1526, 6080, 983, 984, 985, 1529, 4542, 1531, 1532, 1533, 1534, 1535, 1536, 1537, 186, 838, 839, 841, 49, 51, 52, 4316, 4317, 840, 4725, 6071]"
031B1,"[557, 559, 560, 562, 564, 565, 566, 707, 708, 731, 710, 712, 713, 715, 716, 717, 718, 719, 680, 681, 682, 683, 684, 685, 686, 688, 689, 690, 5062, 691, 692, 693, 585, 586, 587, 588, 589, 591, 592, 593, 594, 595, 596, 597, 598, 599, 600, 601, 604, 605, 606, 607, 608, 609, 563, 610, 611, 612, 613, 711, 614, 714, 615, 616, 617, 720, 618, 619, 675, 620, 7569, 590, 602, 603, 721, 558]"
02360,"[4747, 2960, 1545, 1816, 6171, 4974, 7126, 7124, 7343, 7575, 4978, 4979, 4986, 7107, 7102, 7103, 7104, 7105, 7106, 7381, 4976, 4742, 4743, 4744, 4745]"
065B1,"[4713, 4714, 4960, 4932, 4933, 2590, 2591, 2592, 2357, 2566, 2568, 2569, 7550, 2570, 7222, 6170, 7183, 4880, 2539, 2540, 4882, 4883, 4884, 4885, 6343, 4759, 4760, 2547, 2548, 2600, 1155, 1157, 1158, 1159, 1160, 1161, 1162, 1163, 1164, 1165, 1166, 1167, 1168, 1169, 1170, 1069, 1070, 1071, 4528, 1072, 1352, 1353, 7589, 1355, 1357, 1358, 7564]"
066A1,"[2246, 2247, 2251, 1472, 4408, 1474, 1476, 7453, 1478, 1479, 315, 347, 406, 2810, 7387, 3994, 3995, 3996, 3997, 3998, 3999, 4000, 4001, 3949, 3950, 3372, 3374, 3373, 2233, 2232, 2235, 2236, 2238, 2239, 2241, 2243, 2244, 2245, 2249, 2250, 1473, 2234, 2237, 5056, 2242, 2248]"
041A1,"[4905, 4906, 4907, 4908, 4909, 4921, 4922, 4923, 4924, 4958, 3752, 3751, 3689, 7594, 3690, 6117, 5079, 3694, 3696, 3697, 3698, 3699, 7593, 3885, 1631, 1633, 1634, 1635, 1636, 1637, 1638, 1639, 1640, 231, 1641, 4843, 1642, 213, 214, 4432, 119, 44, 7655, 45, 46, 47, 48, 49, 51, 52, 277, 288, 3695, 5053, 7603, 1632]"
00170,"[1380, 1381, 1406, 1407, 1409, 3353, 3354, 3355, 3356, 1400, 1391, 3357, 3358, 2449, 2450, 2451, 2434, 2435, 2436, 2437, 1117, 1118, 1119, 1120, 1299, 1300, 1301, 1302, 1303, 1304, 1305, 1306, 1307, 1309, 1310, 1311, 1312, 1313, 1055, 2868, 2892, 2893, 2894, 2895, 3012, 861, 862, 863, 864, 865, 866, 2052, 765, 2007, 1308, 2008, 2009, 2010, 462, 464, 466, 467, 468, 3032, 3033, 3085, 465]"
067X1,"[3922, 3923, 7079, 7080, 7081, 3921, 7565, 7082, 7083, 7084, 7108, 3935, 3936, 3938, 3939, 3940, 3941, 3943, 3944, 3945, 3946, 4001, 7193, 7049, 2236, 2239, 2241, 2242, 7435, 2722, 4413, 1476, 7453, 1478, 1479, 315, 336, 406, 747, 748, 749, 750, 752, 753, 755, 756, 757, 758, 759, 760, 762, 763, 4952, 751, 754, 761]"
01401,"[896, 897, 893, 894, 1067, 1068, 1069, 1070, 1071, 4528, 1072, 7577, 1353, 1354, 7578, 7582, 319, 7491, 274, 7, 194, 195, 196, 197, 198, 199, 1506, 1507, 1508, 1509, 1510, 1512, 7589, 1538, 4543, 1560, 1280, 6366, 6230, 6228, 7111, 6362, 7276, 7149, 1511, 6365, 6276]"
040B0,"[7, 11, 15, 834, 835, 836, 837, 1506, 1507, 1508, 1509, 1510, 1511, 1512, 1538, 4548, 980, 981, 1518, 1519, 1520, 7661, 1521, 4546, 1560, 1280, 6348, 1182, 1550, 1551, 1552, 1553, 7023, 7014, 4315, 4316, 14, 1559, 6004]"
00530,"[496, 7490, 497, 515, 516, 4384, 518, 2255, 2256, 2717, 2258, 2259, 2260, 2261, 4469, 2262, 2264, 2265, 2266, 2270, 1184, 2257]"
016C0,"[7347, 3669, 7349, 1631, 5053, 1633, 1634, 1635, 1636, 1637, 1638, 1639, 1640, 231, 232, 233, 234, 235, 236, 237, 213, 214, 4432, 119, 44, 7603, 45, 46, 47, 48, 49, 51, 52, 262, 270, 1632]"
077X1,"[4713, 4714, 4960, 4932, 4933, 2590, 2591, 2592, 2357, 2566, 2568, 2569, 2570, 7222, 6170, 5023, 5024, 5161, 5162, 4880, 2606, 2607, 2608, 2609, 2610, 2554, 2425, 2426, 2427, 2428, 2429, 2430, 2371, 2372, 2373, 1424, 2190, 4434, 2380, 2383, 2002, 1358, 5192, 350, 2809, 2810, 750, 752, 753, 754, 756, 757, 758, 759, 760, 761, 762, 763, 4952, 2379, 5099, 751, 755, 2382]"
01040,"[1731, 1733, 1652, 1773, 5141, 1774, 1651, 4784, 608, 663, 1196, 1197, 4473, 250, 4597, 255, 218, 219, 221, 222, 225, 114, 1646, 7571, 1650, 4791, 4792, 251, 220, 223, 224, 226, 1730, 1732, 662, 1645]"
079A0,"[326, 1443, 1444, 1445, 4407, 2637, 2638, 2721, 7012, 2644, 2645, 2646, 2647, 2648, 2649, 2650, 2652, 2653, 2655, 2656, 2657, 2658, 2659, 2660, 2661, 2662, 2909, 6020, 6023, 6026, 6027, 6029, 2654]"
01140,"[6200, 6201, 6196, 3532, 3533, 3491, 6007, 4349, 3184, 449, 450, 3181, 5142, 3187, 3188, 3189, 3190, 3191, 3192, 3193, 3194, 3195, 3196, 3198, 3199, 3200, 3201, 3085]"
02700,"[7026, 4323, 4324, 4769, 4770, 4765, 4766, 4767, 4768, 4325, 3328, 3329, 3331, 3351, 3332, 3333, 3330]"
01111,"[3057, 3059, 3060, 3063, 3065, 3068, 3070, 4983, 7647, 2042, 2043, 2045, 2046, 7553, 6082, 3205, 3206, 3207, 3208, 3209, 3210, 4981, 3211, 3212, 3213, 3214, 3215, 3216, 3217, 3218, 3219, 3220, 3221, 3222, 3223, 3134, 3143, 3144, 5046, 7639, 3058, 3061, 3062, 3064, 3066, 3067, 3069, 2044]"
01141,"[3085, 3082, 3166, 3168, 3169, 3171, 3173, 3174, 3175, 3176, 3177, 3178, 3179, 4984, 448, 4457, 3182, 3183, 4350, 5143, 2833, 6006, 3493, 3494, 6197, 6198, 6199, 3165, 3167]"
00590,"[2037, 3046, 3047, 3049, 3051, 3054, 3048, 3052, 3053, 3055, 3056, 4830, 3091, 3092, 3093, 3094, 3095, 3096, 3097, 3098, 7652, 3050, 3057, 7667]"
066X1,"[3980, 6089, 3981, 3982, 3983, 3985, 3986, 7313, 6164, 6159, 3991, 3998, 3999, 4000, 4001, 7193, 7049, 2236, 2239, 2241, 2242, 7435, 4413, 2722, 1476, 6160, 7453, 6161, 1478, 1479, 315, 336, 406, 747, 748, 749, 750, 751, 752, 753, 755, 756, 757, 758, 759, 760, 762, 763, 4952, 754, 761]"
00260,"[493, 494, 495, 400, 346, 317, 312, 1444, 1445, 7078, 7391, 1449, 1450, 2191, 2192, 2193, 2194, 2195, 2196, 2197, 2198, 2200, 2201, 7239, 4401, 2202, 2210, 1451, 2203]"
00610,"[302, 340, 350, 2809, 2811, 843, 1013, 1015, 2812, 2813, 2814, 852, 853, 854, 855, 2815, 2816, 2817, 2818, 2819, 2820, 2822, 2823, 5032, 2867, 1035, 1314, 1316, 1315, 1317, 1318, 1319, 1281, 1330, 2919, 2920, 2921, 2923, 2924, 2925, 2949, 2933, 2810, 1329, 2922, 2948, 2950, 2954, 7067, 2984, 2955, 2927, 2929, 2930, 7441]"
01851,"[4108, 4109, 4110, 4111, 4112, 4095, 4192, 4194, 4196, 4422, 7369, 7295, 4199, 4416, 4417, 7294, 4156, 4167, 4113]"
025D1,"[6290, 7120, 7119, 7127, 7143, 7168, 4616, 2227, 7049, 7627, 2236, 2238, 5056, 2239, 2241, 7626, 7435, 2722, 4413, 1476, 7453, 1478, 1479, 315, 2237, 347, 2242, 406, 4530, 748, 7390]"
032X0,"[3640, 3574, 3641, 3642, 3643, 3583, 3584, 3585, 3587, 3588, 3589, 3605, 3606, 3607, 3608, 3609, 3598, 4465, 944, 947, 948, 949, 928, 588, 1729, 1731, 1738, 614, 675, 621, 945, 6207, 590, 747, 842, 846, 848, 759, 760, 762, 763, 4952, 761]"
051X1,"[7433, 4677, 2138, 2140, 2141, 2143, 2145, 4670, 3420, 3421, 3422, 3423, 4409, 1972, 1973, 1974, 1975, 1982, 2642, 7435, 4413, 7453, 1478, 1479, 315, 336, 404, 747, 748, 750, 751, 752, 753, 754, 756, 757, 758, 759, 760, 761, 763, 4953, 2136, 2137, 2139, 2142, 749, 755]"
079A1,"[6025, 6024, 6021, 7507, 2663, 2664, 2665, 2667, 2696, 2697, 2700, 6030, 2666, 2706, 6070, 2708, 5134, 2718, 7435, 2722, 4413, 1476, 7453, 1480, 2701, 2702, 2912, 2703, 2704, 1358, 326, 6028]"
041X1,"[4843, 4905, 7655, 4906, 4908, 4909, 4921, 4922, 4923, 4924, 4958, 3752, 3751, 7114, 7116, 3694, 3695, 7115, 6310, 6311, 7408, 7407, 7404, 7544, 403, 747, 842, 845, 846, 847, 848, 756, 757, 758, 759, 760, 762, 763, 4953, 7654, 4907, 333, 2795]"
044B1,"[3516, 3518, 3515, 3517, 3519, 3521, 3523, 3524, 3527, 3528, 3529, 3532, 3533, 3491, 6007, 2836, 2837, 2838, 2839, 2840, 2841, 2865, 2866, 2825, 3525, 3514]"
00470,"[7564, 340, 2089, 763, 2007, 2008, 2071, 2072, 2073, 2074, 2075, 2076, 460, 2011, 2012, 3322, 3563, 444, 445, 4779, 7057, 5142, 3187, 7326, 7418, 7417, 3471, 3472, 3473, 5015, 7290, 5016, 350, 351, 352, 353, 354, 356, 357, 390, 372, 373, 374, 375, 2804, 376, 377, 378, 380, 2087, 7053, 2088, 355, 7662]"
069X1,"[4564, 3444, 3447, 3454, 3455, 5022, 3461, 4537, 2176, 1982, 7435, 4413, 1480, 1358, 4495]"
051D1,"[4664, 2160, 4666, 4668, 4665, 4667, 3376, 3377, 3378, 3379, 4669, 2146, 2147, 2148, 2149, 2150, 2151, 2154, 6245, 6013, 6247, 2681, 4796, 4690, 4411, 2239, 2241, 2152, 2153, 2242, 7435, 2722, 4413, 4691, 1476, 7453, 1478, 1479, 315, 336, 404, 747, 748, 749, 750, 751, 752, 753, 754, 755]"
01181,"[3283, 3284, 3481, 3482, 3483, 3484, 3485, 3486, 3487, 7415, 7416, 3317, 3318, 3320, 2064, 2065, 4727, 4728, 461, 2068, 2069, 2070, 2084, 768, 769, 770, 771, 772, 773, 774, 775, 776, 777, 906, 907, 908, 909, 786, 792, 7586, 7587, 345, 334, 4529]"
041B1,"[7144, 3881, 7145, 3884, 3686, 5077, 5078, 3689, 7594, 3690, 5079, 3694, 3695, 3696, 3697, 3698, 3699, 7593, 3885, 1631, 5053, 1633, 1634, 1636, 1637, 1638, 1639, 1640, 231, 1641, 1642, 213, 214, 4432, 119, 44, 7603, 45, 46, 47, 48, 49, 51, 52, 277, 288, 5096, 1635, 1632]"
01850,"[4153, 4154, 4416, 4417, 4419, 4420, 4421, 2113, 4183, 4184, 4185, 4584, 4186, 4187, 4189, 4190, 4097, 4103, 4104, 4105, 4106, 6139, 4108, 4167, 4170, 4188]"
01420,"[3605, 3606, 3607, 6051, 6053, 7327, 3629, 3630, 3631, 3632, 3633, 3634, 3635, 905, 4331, 4339, 6010, 3656, 7194, 7196, 6310, 6311, 7399, 7398, 3636, 7397, 6252, 301, 336, 7581, 1283, 7579, 1285, 1016, 1017, 1018, 1019, 1020, 1076, 1021, 6042, 1022, 1024, 895, 1025, 1026, 1027, 1028, 2818, 2819, 3012, 877, 1023]"
068X1,"[6185, 6216, 3400, 3401, 3402, 3403, 3404, 3405, 3406, 3407, 3408, 3409, 4558, 3411, 3412, 3414, 3415, 3417, 3418, 3419, 4762, 4763, 6245, 2156, 6014, 6242, 6152, 6153, 6243, 6154, 6155, 1987, 1989, 1995, 1998, 2002, 1358, 7665, 3410, 3416]"
00531,"[2270, 2274, 7601, 2508, 2278, 2279, 2720, 2280, 2281, 2282, 4468, 2283, 616, 617, 618, 619, 675, 4380]"
025X1,"[3890, 3891, 7187, 4001, 3949, 3950, 3372, 3373, 3374, 2233, 2232, 2234, 2235, 2239, 2241, 2242, 7435, 2722, 4413, 1476, 7453, 1478, 1479, 315, 336, 406, 747, 748, 749, 750, 751, 752, 753, 754, 755, 757, 758, 759, 4953, 756, 761, 763, 760]"
01611,"[2934, 4337, 1310, 1311, 2935, 1055, 2868, 2825, 2938, 7440, 2940, 2948, 2949, 2950, 2954, 7067, 2956, 2965, 7448, 2967, 2968, 2969, 4988, 4707, 4708, 4336, 1312, 1313, 2970, 2936, 2937]"
046E1,"[3085, 3034, 3114, 4353, 4355, 4354, 3196, 3345, 4727, 4728, 461, 2068, 2069, 2070, 2084, 768, 769, 770, 771, 772, 773, 774, 775, 776, 777, 906, 907, 908, 909, 786, 792, 7586, 7587, 345, 320, 7491, 278, 2, 4726, 7555, 4962, 401]"
038D0,"[7333, 783, 784, 786, 793, 7576, 7586, 7587, 7588, 274, 2, 192, 795, 796, 57, 58, 59, 60, 1802, 1795, 1806, 1660, 1661, 1662, 1664, 1665, 1666, 1807, 7167, 1808, 4744, 4745, 785, 401]"
027X1,"[4595, 4596, 4563, 1218, 1258, 1259, 1260, 6130, 1262, 4692, 1245, 4693, 1255, 1256, 1247, 1248, 1273, 1274, 1275, 1277, 1219, 1220, 1221, 664, 614, 4415, 302, 4494, 405, 408, 409, 411, 1254, 414, 4694, 1249, 416, 417, 418, 419, 420, 2088, 2089, 763, 4952, 1276, 4495]"
01161,"[2955, 2956, 2965, 2967, 2968, 2969, 4988, 2853, 2854, 2855, 2856, 2857, 2858, 2859, 2861, 2829, 2830, 2831, 2832, 4349, 3184, 449, 450, 3181, 451, 447, 5045, 4460, 453, 4477, 3321, 4727, 4728, 461, 2068, 2069, 2070, 2084, 768, 769, 770, 771, 772, 774, 775, 776, 777, 906, 908, 909, 786, 792, 7586, 7587, 345, 320, 281, 261, 2860, 773, 907, 4529, 2970]"
01041,"[7571, 1644, 1605, 228, 229, 227, 230, 231, 232, 233, 253, 244, 245, 4474, 4790, 1220, 1221, 674, 4389, 4390, 530, 4785, 1764, 1765, 1766, 7129, 1767, 1744, 1745, 1747, 1748, 242, 243, 1746, 1749]"
02201,"[1828, 1830, 1831, 4464, 1869, 1870, 1871, 1872, 1873, 1874, 1875, 1876, 1877, 1878, 1879, 1881, 4493, 4362, 4747, 2960, 1545, 1840, 1841, 1842, 7298, 2294, 1816, 1817, 1818, 1819, 1820, 2468, 7319, 7342, 7125, 7344, 2510, 7242, 7224, 1581, 4793, 6068, 1585, 1586, 1600, 1601, 1602, 1603, 1604, 1587, 1606, 1607, 1608, 1609, 1610, 7471, 1512, 1538, 1513, 4592, 4375, 4366, 4376, 4890, 4369, 4368, 4781, 107, 7092, 110, 124, 4686, 1829, 1880, 6039, 7238, 1584, 4539, 4479, 4377]"
031A0,"[621, 289, 496, 7490, 515, 516, 4384, 519, 521, 522, 523, 525, 526, 527, 528, 529, 530, 531, 709, 533, 534, 535, 536, 538, 539, 540, 541, 543, 544, 545, 546, 547, 548, 549, 550, 551, 552, 553, 555, 557, 558, 559, 560, 562, 563, 564, 565, 566, 707, 708, 731, 710, 711, 713, 714, 715, 716, 717, 719, 720, 680, 681, 682, 684, 685, 686, 7659, 532, 537, 542, 554, 712, 718, 683]"
00250,"[7391, 493, 494, 495, 400, 7588, 7392, 312, 1444, 1445, 7078, 1449, 1450, 1451, 2191, 2192, 2193, 2194, 2195, 2196, 2197, 2198, 2201, 7239, 4401, 2213, 2214, 2215, 2216, 4599, 2217, 2218, 2219, 2220, 2221, 2223, 2224, 3886, 3887, 3888, 3890, 2200]"
02381,"[1828, 1829, 1830, 1831, 4747, 2960, 1545, 1816, 1817, 1818, 1819, 1820, 2468, 4978, 4979, 4986, 7102, 7103, 7104, 7105, 7106, 6005, 1546, 7072, 7107]"
038A0,"[7333, 783, 785, 786, 793, 7586, 7587, 7588, 274, 2, 192, 795, 796, 57, 58, 59, 60, 1802, 1806, 1660, 1661, 1662, 1664, 1665, 1666, 1807, 7167, 1813, 1814, 1816, 1817, 1818, 1819, 1822, 4994, 784, 4995, 4996, 1826, 1795, 1827, 7382, 7381, 4742, 4743, 4745, 1808, 7576, 401]"
038A1,"[1719, 1828, 1829, 4997, 4998, 4999, 4745, 1833, 1834, 1820, 2468, 7319, 7342, 7125, 7344, 4990, 7334, 6274, 4991, 4992, 1838, 2338, 1840, 1841, 1842, 7374, 1845, 7166, 1847, 1696, 1698, 1700, 1701, 1702, 1703, 1905, 1804, 1803, 77, 78, 79, 80, 82, 4989, 817, 1697, 818, 819, 265, 6059, 349, 404, 747, 748, 749, 750, 751, 752, 7370, 7339, 1699, 753]"
068A0,"[4495, 1278, 1282, 4456, 1284, 1285, 1286, 1288, 1360, 1362, 1363, 1364, 1365, 1366, 1367, 1369, 1370, 1371, 1372, 1373, 1374, 1289, 1375]"
031A1,"[686, 688, 689, 690, 5062, 691, 692, 695, 696, 697, 698, 699, 700, 703, 704, 705, 706, 567, 572, 571, 573, 574, 575, 576, 577, 579, 580, 581, 582, 583, 584, 585, 586, 587, 588, 589, 590, 591, 592, 593, 594, 595, 596, 597, 598, 599, 600, 601, 602, 603, 604, 605, 606, 607, 608, 609, 610, 611, 612, 613, 614, 615, 616, 617, 618, 619, 675, 620, 7569, 701, 569, 702, 568, 570]"
01610,"[2825, 2867, 1035, 1314, 1316, 4332, 4333, 4334, 4712, 4582, 4987, 2979, 2980, 2981, 7447, 2954, 1315, 7067, 2956, 2965, 2983, 2984, 2927, 2929, 2930, 7441, 2933, 7449]"
083A0,"[324, 7501, 7503, 1556, 7502, 7504, 1555, 1181, 7350, 6230, 4788, 6273, 4891, 7458, 7425, 7424, 7423, 1566, 1567, 173, 174, 175, 176, 181, 182, 183, 184, 185, 186, 187, 188, 189, 190, 1614, 1615, 1478, 1479, 315, 336, 1279, 1283, 4456, 1284, 1285, 1016, 1017, 1018, 1019, 1020, 1076, 1077, 2479, 2480, 2481, 2482, 2483, 2484, 2485, 2486, 2487, 2488, 2489, 2448, 5026, 2450, 2490, 2491, 2492, 7500, 1557, 6228]"
083A1,"[2465, 2467, 2466, 2494, 2495, 2496, 2497, 2471, 2472, 2473, 2474, 2475, 2477, 2478, 1170, 1069, 1070, 1071, 4528, 1072, 1352, 1353, 1355, 1357, 1359, 319, 1443, 1616, 1617, 1618, 1619, 195, 197, 198, 199, 200, 196, 201, 202, 151, 153, 2492, 154, 155, 156, 157, 158, 159, 1539, 2493, 1540, 7426, 7427, 7428, 138, 133, 134, 4890, 4369, 6219, 6229, 6348, 1182, 2476, 1550, 1551, 1552, 6234, 332]"
01421,"[877, 876, 3011, 2896, 2897, 1062, 1063, 1065, 1066, 1067, 1068, 1069, 1070, 1071, 4528, 1072, 7577, 1353, 1354, 1064, 7578, 7582, 407, 2498, 2499, 2500, 2501, 7623, 6312, 7589, 7197, 7195, 3653, 6055, 1073, 3641, 3642, 3643, 3583, 3585, 3625, 3626, 3627, 3628, 6052, 3613, 3616, 3584, 3615]"
033A1,"[6048, 7173, 3811, 3812, 3664, 3813, 7592, 3816, 3566, 3567, 7292, 3818, 3819, 3820, 3823, 3824, 3565, 3825, 3826, 3827, 3828, 3829, 3831, 3832, 3833, 3834, 3835, 3836, 3837, 3838, 3840, 3842, 3843, 3844, 3845, 3848, 3849, 3850, 3852, 3853, 3854, 3855, 3856, 3857, 3858, 3860, 3861, 3863, 3748, 3749, 3752, 3751, 3689, 3692, 3814, 3822, 3846, 3862, 3750, 3815, 3851, 3859, 6050]"
033A0,"[3677, 3678, 3679, 3711, 3712, 3713, 3714, 3715, 5175, 3755, 3756, 3757, 3759, 3761, 3762, 3763, 3764, 3765, 3766, 3767, 3768, 3770, 3769, 3771, 3772, 3774, 7172, 3775, 3777, 3778, 3781, 3782, 3783, 3784, 3785, 3786, 3787, 3788, 3789, 3790, 3791, 3792, 3793, 3794, 3795, 3797, 3798, 3799, 6076, 6077, 3805, 7175, 3806, 3571, 3801, 3802, 3807, 3808, 3809, 7174, 3760, 3569, 3758, 3773]"
084X0,"[4494, 746, 844, 846, 848, 758, 760, 2007, 4571, 2014, 2016, 2017, 7362, 3134, 3135, 4187, 7363, 4588, 4589, 7364, 7365, 4210, 4211, 4215, 4216, 4222, 4224, 4225, 7462, 7461, 4230, 4248, 4252, 4305, 4306, 4307, 4188, 342, 4495]"
032X1,"[4952, 768, 770, 773, 774, 906, 786, 909, 791, 790, 7576, 7585, 7587, 496, 7490, 522, 1741, 1747, 1749, 544, 546, 914, 941, 942, 943, 3599, 3610, 3612, 3613, 3615, 3616, 7659, 3618, 3619, 3621, 3622, 3623, 4387, 3634, 3635, 3636, 905, 3611, 6135, 4529, 938, 940, 6087, 3620, 4331, 4339, 7616, 5081, 5082]"
041X0,"[4953, 768, 769, 770, 771, 772, 773, 774, 775, 776, 777, 906, 909, 786, 790, 7576, 7585, 7587, 345, 297, 407, 2498, 2499, 2500, 2501, 7623, 6312, 5031, 6033, 3089, 3090, 3706, 3707, 3708, 3709, 3710, 4925, 3679, 5075, 5076, 3682, 3864, 3865, 4910, 4911, 4912, 4913, 4915, 4957, 4529, 4914]"
01160,"[2007, 2009, 2010, 435, 2011, 2012, 3322, 3563, 444, 445, 4779, 7057, 5142, 5143, 2837, 2838, 2839, 2840, 2845, 2846, 4397, 2848, 2849, 2850, 2852, 4987, 2979, 2980, 2981, 2954, 2955, 848, 2795, 756, 757, 758, 760, 761, 762, 763, 2008, 2847, 2851, 2978, 759]"
031B0,"[621, 289, 496, 7490, 515, 516, 4384, 519, 521, 522, 7659, 523, 525, 526, 527, 528, 529, 530, 531, 709, 532, 533, 534, 535, 536, 537, 539, 540, 541, 543, 544, 545, 546, 547, 548, 549, 677, 678, 679, 680, 681, 682, 683, 684, 685, 688, 689, 690, 5062, 691, 692, 695, 696, 697, 698, 699, 700, 701, 702, 704, 705, 706, 707, 538, 542, 686, 703, 694]"
02361,"[4989, 4990, 4991, 4986, 7103, 7104, 7105, 5071, 5072, 4321, 7570, 7342, 7125, 7344, 7334, 6274, 2338, 661, 7026, 4745, 4992, 7107, 7102, 7106, 1838]"
027X0,"[4952, 768, 2085, 2086, 479, 481, 482, 485, 488, 491, 493, 494, 495, 496, 7490, 497, 7659, 523, 4382, 480, 483, 1196, 1197, 1198, 1199, 1200, 4385, 1201, 4695, 1243, 4696, 4697, 4698, 4383, 4699, 4388, 1266, 1267, 1268, 1269, 6115, 4593, 4594, 1250, 4700, 1265]"
051D0,"[7392, 1443, 1444, 1445, 4407, 2637, 2638, 2721, 7012, 2201, 4401, 2213, 4688, 4689, 4410, 2678, 2679, 2680, 4677, 2136, 2137, 7201, 2138, 2139, 2140, 2141, 2142, 2143, 2145, 4670, 3420, 3421, 4671, 3465, 4673, 2172, 4409, 4550, 4551, 1965, 1966, 3422, 4672]"
033X0,"[407, 2498, 2499, 2500, 2501, 7623, 3713, 3714, 3715, 3756, 3757, 3759, 3760, 3761, 3762, 3763, 3764, 5175, 3765, 3755, 3766, 3758, 3767, 3770, 3769, 3771, 3772, 3773, 3774, 7172, 3775, 3777, 3768, 3778, 3781, 3782, 3783, 3784, 3785, 3786, 3787, 3788, 3789, 3791, 3793, 3794, 3795, 3797, 3798, 3790, 3799, 6076, 3792, 6077, 3569, 3571, 3801, 3802, 3805, 7175, 3806, 3808, 3809, 7174, 3807, 5176]"
025X0,"[768, 769, 770, 772, 774, 775, 779, 780, 781, 782, 783, 784, 786, 791, 7576, 7585, 7587, 345, 318, 312, 1444, 1445, 4407, 2637, 2721, 7012, 2201, 4401, 2213, 2214, 2215, 4599, 2217, 2218, 2219, 3365, 3367, 3886, 773, 3888, 3890, 776, 777, 785, 771, 4529, 4953, 2216, 3366]"
067X0,"[784, 785, 786, 4952, 791, 7576, 7585, 7587, 345, 318, 768, 769, 770, 312, 772, 773, 774, 776, 1444, 779, 780, 1445, 781, 782, 783, 1447, 2637, 2721, 7012, 2201, 4401, 2213, 2214, 2215, 7184, 7050, 771, 7185, 775, 7186, 7187, 777, 3947, 3892, 3893, 3895, 3896, 3897, 3899, 3900, 3901, 3902, 3904, 3905, 7085, 7086, 7087, 7088, 7089, 7091, 3910, 3911, 3912, 3913, 3914, 3925, 3008, 6089, 4529, 3898]"
066X0,"[4952, 768, 769, 770, 771, 772, 773, 775, 776, 777, 779, 780, 781, 782, 783, 784, 785, 786, 791, 7576, 7585, 7587, 345, 774, 318, 312, 1444, 1445, 1447, 2637, 2721, 2201, 4401, 2213, 2214, 2215, 7184, 7050, 7185, 7186, 7187, 3954, 3955, 3957, 7012, 3958, 3959, 3960, 6156, 6165, 6157, 6158, 7314, 3964, 3965, 3968, 3966, 5113, 3918, 5114, 4529, 3956]"
069X0,"[4495, 4720, 1443, 1444, 1445, 1447, 2637, 1956, 2109, 3427, 3428, 3429, 3432, 3434, 3435, 3453, 3437, 3440, 3441, 4560, 5126]"
007B0,"[4962, 6059, 334, 406, 747, 842, 845, 846, 847, 848, 2795, 756, 757, 758, 759, 760, 761, 762, 763, 2007, 2008, 2009, 2010, 435, 7353, 7584, 3344, 7421, 7422, 6085, 2053, 2054, 2055, 4732, 3243, 3244, 3245, 3212, 3213, 3214, 3215, 3216, 3217, 3218, 3219, 3537, 7556, 3539, 3540, 3541, 3538, 3542, 3544]"
025D0,"[7391, 493, 494, 495, 400, 7588, 7392, 312, 1444, 1445, 4407, 2637, 2721, 7012, 7566, 2201, 7239, 4401, 2213, 2215, 2216, 4599, 7184, 2225, 4620, 7563, 7231, 7128, 6289, 7118, 2214, 7117]"
007D0,"[4962, 4725, 6059, 334, 406, 747, 842, 845, 846, 847, 848, 2795, 756, 757, 758, 759, 760, 761, 763, 2007, 2009, 2010, 435, 7353, 7584, 3344, 7421, 7422, 6085, 2053, 2054, 2055, 4565, 4566, 4567, 3238, 3239, 3240, 3048, 3050, 3049, 762, 2008, 3051, 3052, 3053, 3054, 3056, 3057, 3055]"
014C1,"[6041, 2826, 2842, 2843, 2845, 2846, 4397, 2848, 2849, 2850, 2851, 2852, 4707, 4708, 4336, 1051, 1052, 1053, 1054, 1036, 4709, 1037, 1038, 2998, 2999, 3000, 3001, 3002, 1166, 1167, 1168, 1169, 1170, 1069, 1070, 1071, 1072, 7577, 1353, 1354, 7589, 7578, 7582, 2844, 297, 4528, 2847]"
016C1,"[5171, 7621, 7620, 2977, 2978, 2979, 2980, 2981, 2991, 1325, 1326, 1327, 1328, 1329, 1330, 1331, 1332, 1333, 1334, 1335, 1336, 1337, 1338, 1339, 1340, 1341, 1342, 1344, 1345, 1347, 1348, 2976, 1349, 1350, 1352, 2992, 1353, 7589, 1357, 1359, 320, 278, 1343, 7615]"
014C0,"[251, 249, 250, 252, 255, 234, 235, 236, 1190, 1191, 1192, 1193, 1195, 664, 665, 667, 668, 614, 615, 616, 617, 618, 619, 675, 4415, 301, 248, 1194, 666, 336]"
039X1,"[7158, 7048, 7159, 7017, 7018, 7030, 6111, 6112, 6113, 4323, 1845, 1696, 1700, 1906, 1909, 1713, 1715, 1478, 315, 335, 404, 748, 749, 751, 752, 7339]"
042D1,"[943, 3599, 3600, 3601, 3604, 3607, 6051, 6053, 7327, 3629, 3630, 3631, 3632, 3633, 3634, 3635, 905, 4331, 4339, 6010, 3656, 7194, 6310, 6311, 112, 113, 114, 1646, 7571, 3602]"
070D1,"[3333, 3334, 3352, 3335, 3336, 3337, 3338, 3339, 3340, 1545, 1840, 1841, 4314, 1687, 1688, 1689, 1690, 1691, 1692, 1693, 1694, 1695, 1696, 1698, 1700, 1701, 1702, 16, 5144, 7027, 1510, 156, 27, 28, 90, 91, 7571, 1699, 29, 4680]"
031D1,"[928, 929, 930, 931, 587, 588, 589, 591, 592, 593, 594, 595, 596, 597, 599, 600, 601, 602, 603, 604, 605, 606, 607, 608, 4791, 1185, 1186, 1188, 237, 206, 1643, 7571, 598, 4792, 1187]"
015D1,"[7067, 2984, 2941, 2942, 7065, 7063, 1137, 5131, 5132, 1331, 1332, 1333, 1334, 2985, 2986, 2988, 3001, 3002, 1166, 1167, 1168, 1169, 1170, 1069, 1070, 1071, 4528, 1072, 7577, 1353, 1354, 7589, 7578, 7582, 340, 407, 2498, 2499, 7216, 7558, 353, 354, 2983]"
015D0,"[395, 396, 397, 398, 399, 400, 7581, 1283, 7579, 1285, 1016, 1017, 1018, 1019, 1020, 1076, 1077, 1078, 1079, 1080, 1081, 2914, 2915, 2916, 2918, 1300, 1301, 1302, 1303, 5129, 5130, 1135, 7064, 7066, 2924, 2925, 2948, 2949, 2950, 2954, 2955, 2917]"
039X0,"[7333, 783, 785, 786, 793, 7586, 7587, 328, 1443, 1647, 1649, 1911, 1805, 1662, 1666, 1808, 7475, 6107, 6109, 6110, 7029, 7011, 7160, 7047, 7038, 7161, 7162]"
070D0,"[7571, 1644, 115, 37, 38, 39, 175, 7625, 5147, 4498, 1660, 1661, 1662, 1664, 1665, 1666, 1667, 1668, 1670, 1671, 1673, 1674, 1675, 1849, 1813, 1814, 4325, 3328, 3329, 3330, 3331, 3351, 3332, 3333, 1605, 1669, 1672]"
042D0,"[7571, 92, 94, 126, 6182, 322, 6312, 7197, 7195, 3653, 6055, 1073, 3641, 3642, 3643, 3583, 3584, 3585, 3625, 3626, 3628, 6052, 3613, 3615, 3594, 3595, 3596, 3597, 3598, 4465, 3627]"
031D0,"[7571, 1190, 1191, 1192, 1193, 1194, 1195, 674, 4389, 4390, 530, 531, 709, 532, 533, 534, 536, 539, 540, 541, 542, 543, 544, 546, 910, 911, 912, 913, 535, 545]"
038D1,"[4745, 1845, 7166, 1847, 1696, 1697, 1698, 1699, 1700, 1701, 1702, 1703, 1905, 1804, 77, 79, 80, 82, 817, 819, 265, 6059, 349, 404, 747, 748, 749, 750, 751, 752, 753, 7370, 4989, 1803, 78]"
033D1,"[3732, 3734, 3735, 7039, 7204, 3736, 3738, 7170, 3740, 3741, 5165, 3743, 3780, 3744, 3745, 3746, 3749, 302, 333, 747, 748]"
033D0,"[407, 2498, 2499, 2500, 2501, 7623, 3714, 3720, 3721, 3722, 5069, 3723, 3724, 3725, 3726, 7039, 7204, 3728, 3730, 3732]"
